Sentence,Label
بھائی آپ رونے والی شکل نہ بنایا کرو بلکل باندر لگتا ہے,o
شامیر بھی گانڈو ہے اور شام بھی بس فروگی اچھی ہے,h
طنز کے لیے ویڈیو میں ماشاءاللہ شامل نہ کریں یہ مذاق نہیں ہے اگر وہ گناہ کر رہے ہیں تو انہیں چھوڑ دیں اور ویڈیوز میں ماشاءاللہ اور سبحان اللہ استعمال نہ کریں کیونکہ وہ گناہ کر رہے ہیں,n
لوگوں نے ان سبسکرائب تو ایسے کیا جیسے کبھی اپ سے پیار ہی نہیں کیا تھا جب بھی ایک ملین ہوا اس نے اپنے بال کاٹے اس نے لوگوں کو بہت انٹرٹینمنٹ کیا,n
زيد بغيرت دوست سے غيرت مند دشمن اچہا ہے,h
ڈکی بھائی سب کمال تھا لیکن آپ نے جو روڈ پے چلینے والے لوگوں کو دینے کے بجائے آپ فلسطین کے بھائیوں کو دیں گے تو میرے خیال سے یہ بہت زبردست رہے گا اور آپ کے لیے آخرت کا سامان بھی بن جاے گا اور اس سے اللہ بھی راضی ہو جائیں گے,n
دنیا کا خوبصورت لڑکی اروب جتوئی اور دنیا کا بدصورت انسان آپ ہو ایسے معلوم ہیں نا آپکو ہیں اروب جتوئی کاش ایک دن ملاقات ہوتا زندگی میں سکون ملتا,h
یہودی قوم کے افراد ہمیشہ فساد کرتے ہیں۔,h
سعد ارف ڈکی صاحب یہ جو ہر طرف کافی دنوں سے تماشا چل رہا ھے اسے دیکھ کر سب سے پہلے تو یہ چیز میرے دماغ میں آتی ھے کہ بہت ھی اچھا فیصلہ تھا میرا جو میں نے انسانوں کے بجائے پرندوں پر یوٹیوب چینل بنایا اور پھر تم لوگوں کے پھڈے کو دیکھتا ھوں تو ایک بات اور سامنے آتی ھے کہ آپ ذرا غور کرو آپ سب ایک ھی کاسٹ کے لگتے ھو اور ایک ھی نیچ کے چینل چلانے والے ھی ایک دوسرے کو گرا رھے ھو سچا کون جھوٹا کون یہ تو اللّٰه ھی جانتا ھے لیکن مشورہ یہ ھے دوستوں میں جب پٹھان دوست نھیں رکھوگے تو پھر ھر راہ چلتا ھوا بھی کھیل جائیگا تم۔ لوگوں کی جگہ میرے ساتھ ایسا ھورہا ھوتا تو میں یہ ایک گھنٹے کی ویڈیو بنانے کی بجائے باوضو ھوکر نماز ادا کرکے کلمہ پڑھتا اور جملے میں اپنی بے گناھی بتاتا دوسرے جملے میں قصور واروں کا نام اور چال بتاکر اللّٰه پر چھوڑ کر ویڈیو ختم۔ کردیتا اور لوگوں کو سب سمجھ آجاتا۔ مشتاق خٹک مشتاق برڈز اکیڈمی یوٹیوب چینل ۔ جزاک اللّٰه,n
اس بندے کی تو شکل ہی ایسی ہے کہ اس کو دیکھتے ہی غصہ آجاتا ہے بچپن میں اسے جب آئینے کے سامنے بٹھایا جاتا ہوگا تو ا سے بھی تھپڑ مارتا ہوگا کہ کتا آ گیا سامنے گھٹیا پن کی حد ہوتی ہے یار مطلب دھمکیوں تک اتر آیا یہ کمینہ اور وہ بھی فیملی کی دھمکیاں لعنت بےشمار,o
ان کے نظریات دنیا کے لیے خطرہ ہیں۔,h
کافی دنوں سے ویڈیو نی آئی اپ کی میں نے سوچا اللہ کو پیارے ھو گئے ہو ۔آپ کو زندہ دیکھ کر مجھے بہت دُکھ ہُوا ہے,n
ڈکی بھائی نے رج کے ذلیل کیتا شام کھسرے نے ماسا نی فیل کیتا,o
اللہ کی قسم میں ڈکی بھائی کو سے فالو کرتا آ رہا ہوں اور یہ وڈیو بھی مکمل دیکھی ہے ڈکی بھائی حق پر ہے سب سچ بول رہا ہے۔,n
یہ قوم فطری طور پر پرتشدد ہے۔,h
ایک میاں جہنم میں جائے گا اپنی بیوی کو منع نہیں کرتا بھائی جان میں جائے گا باپ باب جہنم میں جائے گا ماں جہنم میں جائے گی جو منع نہیں کرتی پردے کا باقی اپ کی موج ہے بے حیائی پھیلاتے جائیں اپ کو بہت ثواب ملے گا بے حیائی پھیلاتے جائیں بالکل منع نہ کریں,o
الو کا پٹھہ ۔اتنا ٹائم نہیں ہے میرے پاس آپ کی بکواس سنتا رہو,o
گشتی کے بچے مسلمان لگتا ہی نہیں تو بہن چود کال ریکارڈ کر لی تو سیدھا سیدھا معذرت کر جان چھوڑ یہ گشتی ماں کا بچہ وڈیو بنانے پر آ گیا ہے بہن چود۔۔,n
کنڈم بنانے والی کمپنیوں سے گزارش ہے کہ بیشک قیمت میں پانچ روپے کا اضافہ کرلیں مگر کنڈم اچھی کوالٹی کا بنائیں تاکہ ایسی پیداوار سے پاکستان محفوظ رہ سکے۔,o
بھاٸ اکیلا ڈکی دونوں شام اور شاہ میر کی بنڈ مار گیا یار ڈکی لو یو یار یہ ویڈیو ان دونوں کی گانڈ میں ڈال دے گی,n
یہ ڈکی دنیا کا سب سے بڑا منافق ہے اور اس کو سپورٹ کرنے والے اس کے بھی باپ ہیں افسوس ہے تم سب لوگوں پر کہ تم اس منافق کی باتوں میں اگئے افسوس سد افسوس,o
تمہارے جیسے جھوٹے اور مکار لوگ دنیا میں زہر گھولتے ہیں۔,o
جن لوگوں نے تمھیں اج اونچائی تک پہنچایا تم لوگوں کی پہچان بنائی انہی کی انسلٹ کر رہے ہو باجی پبلک کے بنا تم صفر ہو یاد رکھنا,n
اس کی ماں کی انکھ۔۔ پاکستان آکر ہمیں ہی دھمکا رہا ہے ۔۔ اسکی ماں کی,h
ڈکی آرمی آپ کے ساتھ ھے بھائی آپ بہت اچھے بہت سچے انسان ھے اللّہ تعالیٰ آپ کے ساتھ کبھی برا نہیں ہونے دے گے اللّہ تعالیٰ نے آپ کو بہت ترقی دینی ھے انشاء اللہ,n
تمھاری سوچ کا گھٹیا پن تمہاری باتوں سے صاف ظاہر ہوتا ہے۔,o
یار ڈکی بھائی آپ یوٹیوبر آپس میں لڑو ایک دوسرو کو مارو کوئی مسئلہ نہیں ہے لیکن آپ لوگ بعد میں فیملی کوں تنگ کرتے ریتے ہو,o
بہت اچھا کم کیا ڈکی اس کو اصل میں ایسا ہی ٹھوک کہ رکھنا چاہئیے اسے بھی پتا چلے جب پاکستانی کسی کو چک لیتے ہیں تو کیا ہوتا ہے,n
اس کو ویشنو ماتا کے بارے میں مزاق کرنے کے بعد ایک آدمی نے اس کوسبق سیکھایا سٹیشن پر,h
ان کی روایات جرم کی تعلیم دیتی ہیں۔,h
"آپ کو سلام بھائی سوشل میڈیا پر توجہ طلب کرنے والوں نے اس جگہ کو خراب کر دیا ہے اور دوسروں کو بدنام کرنے کے لیے کچھ بھی کریں گے۔ مجھے اب بھی پچھلے دو سال یاد ہیں جب آپ کو نشانہ بنایا گیا، دھونس دیا گیا اور ہراساں کیا گیا، پھر بھی آپ خاموش رہے۔ لیکن ہاں، مزید جھوٹ نہیں۔",n
"تم جیسے چند گھٹیا لوگوں کو وجہ سے معاشرے میں گندی زبان سرعام استعمال ہونا شروع ہوگئی ہے اور ایک دوسرے کے خلاف صرف حسد ،زہر اور نفرت پھیل رہی۔انتہائی کوئی لالچی اور خود غرض انسان ہو تم۔۔منافق جھوٹا ۔اپنی زبان تو ٹھیک کر کے کوئی معاشرے اور ملک کو بہتری کے لئے بھی کام کر لو۔",h
ڈکی بھائی شاہ مدی طلحہ کی م کے رکھ دو ر کی نسل میں چڑیا نہ ڈکی بھائی اب واپس اگئے بہت شکریہ اپ کا ان کی م دو رنگی,n
شام تو اپنی ماں سے شادی کا پرینک بھی بنا لے پیسے کیلئے اور کسی دن اپنی بہن کے ساتھ سوہاگ رات منانے کی ویڈیو بھی بنا لے,o
ان کا دین خونریزی پر مبنی ہے۔,h
یے سارے کتے مل کر بھی ڈکی کے جوتے کے برابر بھی نہیں,h
ان دونوں بغیرتوں کو کوئی شرم نہی فیملی ولوگس بند ہونا چاہیے ان دونوں کی اور کتی نہلاؤ ذرا ویلڈن,h
بھائی اس بندے کی تو میں ایک بھی ویڈیو نہیں دیکھتا جو یہ بناتا ہے نہ ہنسی آتی ہے نہ کچھ ۔۔۔ فضول بندہ ہے ایک دم,n
ان کی ثقافت جرم کو فروغ دیتی ہے۔,h
ان کو معاشرتی بائیکاٹ کرنا چاہیے۔,h
اس کی باتوں میں وزن ہے کہ تم یار گالیاں بہت نکالتے ہو اور وہ بھی انے واہ,o
یہ وہ پین یک لوگ ہیں جن کے پاس دوزح کی نشنیلٹی ہے بغیر ویزا داخل ہوں گے,h
اس میں غلطی تھماری نہیں ہے بیٹا غلطی تھماری باپ کی ہے جو گھر سے نکلنے کے وقت گھر کا داروازہ بند نہیں کیا اور پڑوسیوں نے تھماری بنیاد رکھ دی ۔۔,n
ان لوگوں کی موجودگی خطرناک ہے۔,h
"تمہارے جیسے نالائقوں کی وجہ سے ہی معاشرہ برباد ہو رہا ہے، تم سے بھلا کیا توقع رکھی جا سکتی ہے؟",o
تیری شکل دیکھ کر تو بندہ دعا کرے کہ دوبارہ نہ دیکھے۔,o
ان کی عبادات صرف نفرت کو فروغ دیتی ہیں۔,h
یہ کوئی بڑا ہی بغیرت آدمی ہے اس صدی میں بھی اس طرح کی گندی سوچ والے لوگ پائے جاتے ہیں کھوتی کے بچے شام ادریس جیسے لیکن اللہ جسے عزت دے اوسے کم کوئی نئ کر سکتا اور میرے بھائی ڈرنے کی کوئی ضرورت نئ ان جیسے ممی ڈیڈی بچوں سے جو لوگ فیم حاصل کرنے کے لیے اپنی بہن بیٹیوں کو نیٹ پر ساتھ رکھتے ہیں اور اپنے کام پر فوکس کرو وڈیو بناو رضا سمو پر روسٹ ایک بنتا ہے,h
اس کہ نہ ماں ہے نہ ابو یہ تو کھسرا ہے بہن چود,h
اپ کی بیوی چند سال میں انکی خوبصورتی ختم ہوجایے کی ۔ اور لوگ بھی دیکھتے دیکھتے دل بھر جایے گے پھر کیسے ویوزں لاوں گے,n
دوستو میری ویڈیوز کوئی نہیں دیکھتا میں اپنے چینل پر سے زیادہ ویڈیوز اپلوڈ کر چکا ہوں پلیز ایک بار میرا چینل وزٹ کریں آپ کو ضرور پسند آئے گا اگر پسند آئے تو سبسکرائیب ضرور کرنا۔ شکریہ,n
تم جیسے بے غیرتوں کی وجہ سے عزت کا جنازہ نکلتا ہے۔,o
تمھارا بولنے کا انداز ہی بتاتا ہے کہ تم کس قدر بد تہذیب ہو۔,o
ایسے گروہوں کو تباہ کرنا ضروری ہے۔,h
"مولاعلی کا قول ہے جس پے احسان کرو اُس کے شَر سے بچو، آپ نے اُس بے غیرت انسان کی مشکل میں مدد کی اور وہ احسان فراموش نکلا",n
"کیسا بے شرم آدمی ہے اللہ معاف کرے، مجھے آج تک لگتا تھا کہ چلو ہوگیا جھگڑا ہوگیا اب اس معاملے کو ختم ہونا چاہئے اور سعد کو بھی دل بڑا کرنا چاہئے، لیکن یہ شام ادریس تو وڈا حرامی ہے بھائی۔۔۔",n
تم اس معاشرے میں بیغیرتی پھیلا رہے ہو تم لوگوں کے سامنے اپنی عزتیں پش کرتے ہو اور لوگ صرف تیری گھر والی کو دیکھنے ہی آتے ہیں اور تو کونسا کوئی اچھا سبق دیتا ہے اپنی ویڈیوز میں تم جیسے لوگ پاکستان کے معصوم بچوں کے دماغ بھی تباہ کر رہے ہو اور ایسا میں ہونے نہیں دو گا ۔ میرا اللہ سے وعدہ ہے کہ میں اپنی ذندگی میں تم کو جاں سے مار دو گا تاکہ پاکستان کا معاشرہ مزید تباہ نہ ہو اگر جان پیاری ہے تو اپنی ویڈیوز میں اپنی عورتیں مت دکھا کیونکہ اسلام اس کی اجازت نہیں دیتا اور تم جیسے لوگ اسلام کے احکامات کی دحجھیاں اڑادیں تم مسلمان نہیں ہو سکتے اور نہ ہی مسلمان ہونے کے حقدار ہو دیکھنا ایک دن ساری دنیا تیرا تماشا دیکھے گی,h
ان کے عقائد انسانیت دشمن ہیں۔,h
سکیم دنیا کا سب سے بے غیرت انسان ہے,h
اگر آج کوئی یا سال کا لڑکا تمھارے یا اروب کے بارے میں یہ کہے کہ ہمیں مجرا دکھاؤ ہمیں نرگس کا ڈانس نہیں دیکھنا اور سال بعد یہ کہے کہ میں اس وقت روٹی کو چوچی بولتا تھا تو تمہیں کیسا لگے گا,n
یہ قوم دنیا میں فتنہ پھیلانے والی ہے۔,h
اس کا ماں باپ کون ہے اور یہ رنڈی خود کون ہے,h
ڈکی حرامخور ہیرا منڈی کی پیداوار ہے لعنت تیری نسل پر جھوٹے,o
ثابت ہوا کہ یہ خاندانی لوگ نہیں ہیں,h
ان لوگوں کو ملک سے نکال دینا چاہیے۔,h
ان کے ساتھ سختی سے نمٹنا ضروری ہے۔,h
کیسی مینٹیلیٹی ہے اس قوم کی کبھی اس کے ساتھ ہو جاتے ہیں کبھی اس کے ساتھ۔۔۔ اور فضول میں ٹائم ضائع کر رہے ہیں,n
تمھاری باتوں میں اتنی غلاظت ہے کہ کان بند کرنے کو جی چاہتا ہے۔,o
ہیلو اقرا بکری تم تو پاگل ہو تمہیں شرم نہیں اتی ایتنے مثلا کہ تم دوپٹہ اتارا ہوتا ہے اور ساتھ میں یوتوب پر اتنا بے حیائی,n
ان کے اجتماعات نفرت کا مرکز ہیں۔,h
اس رنڈی کے طوخم کا بھائی پاکستان میں رہتا ہے اویٹر کا کھبا ٹٹہ,o
صرف یوٹیوب کے ویوز کے لیے لوگ اس حد تک جا سکتے ہیں حیران کن ہے,o
بابر اعظم کپتانی کے لیے تیار ۔ چیئرمین محسن نقوی نے بابر اعظم کو کپتان بنانے کے لیے زیر گور محمد رضوان اور شہنشاہ افریدی دونوں پھر ناکام اپ کے خیال سے کس کو کپتان بنانا چاہیے,n
اپنے کام میں لگے رہو یہاں پر لوگ اپنے فائدے کے لئے دوسروں پہ کیچڑ اچھالتے ویڈیو ڈالنا بند نہیں کرو ہمیں اپ پر بھروسہ ہے,n
اتنی ذلیل حرکتیں کر کے بھی تمھیں کوئی فرق نہیں پڑتا؟,o
ان کی عبادات شر انگیزی پر مبنی ہیں۔,h
ایسی فضول ویڈیو دیکھنے سے اچھا ہے کہ بندہ غیر ضروری بال صاف کر لے,o
بھائی اللہ پاک نے جو عزت آپ کو دیا ہے کوئی آپ کی عزت خراب نہیں کرے گا۔ بس صرف آپ نے یہ کرنا ہے کہ اپنا پانچ وقت کی نماز پڑھنا ہے۔,n
شام اور دوسرا دونون تھیک ھے گاندو ھین لیکن تو اسلی رندی کا بچہ ھے ب چ جب اندیا پاکستان کی تنشن چل رھی تھی تو مادر چود نے ایک ودیو بھی نھیب بنائ,h
ایسے لوگوں کو جیل میں ڈال دینا چاہیے۔,h
"اگر سعد تو کیا، کسی کو بھی یہ اُسکی فیملی کو شام نے نقصان پہنچایا۔ تو یہ اُسکی بھول ہے کہ وہ کینیڈا میں بھی سکون ڈے رہ لے گا۔ کم از کم ایسی سستی بدمعاشی پاکستانیوں سے نہیں دکھانی چاہیے،",o
تجھے حق کون دیتا ہے کہ تم ابن آدم کو عیب بیان کرو تم اپنا کام کرو شام ادریس کیا کر ریا ہے اس سے تمہارا کیا لینا دینا۔ تم اس کے عیب تب بینا کرو جب تم میں کوئی عیب نہیں ہیں۔ اللہ پاک تیرے عیب چھپائے ہوئے ہے نا تو تم کیوں اللہ کے بندوں کے ساتھ ایسا کر رہے ۔ تم مسملمان ہو ۔اور مسلمان یہ کام نہیں کرتے ۔,h
تو صرف سبسکرائبرز کی جنگ ہے خدا کی پناہ پیسا کیا کیا کروا لیتا ہے,o
"تیرے جیسا کمینہ انسان نہ دیکھا، جو ہر وقت دوسروں پر انگلی اٹھاتا ہے مگر خود آئینہ دیکھنے کی جرات نہیں رکھتا۔",o
اس کو تو سال پہلے ہی میں نے کردیا تھا یہ ایک ہی ٹاپک کو اتنا کھینچتا ہے کہ کسی بندے نے شائد خود کا وہ کبھی اتنا کھینچھا نا ہو,n
درگتدث کے کسی بھی قسم کی اشاعت ممنوع ہے تاہم اس تھا کہ وہ اپنے آپ سے ٹوٹ پھوٹ کا شکار ہو کر دی گئی ہے تاہم اس تھا کہ وہ اپنے آپ سے,n
تم لوگ بہت احادیث سناتے ہو جو که رہے کبھی ہیٹ میسج نہیں کیے ۔۔۔ بے شرم گھٹیا لوگ,o
کیا آپ ڈکی بھائی کا روسٹ ایک سکیم ابلیس پر اور دوسرا اس کے سستے خواجہ سرا پر دیکھنا چاہتے ہیں,o
ان کے مدارس نفرت پھیلاتے ہیں۔,h
مجھے ایک بزرگ نے کہا بیٹا اس کو کبھی مخلص دوست نا سمجھنا جو وقت کے ساتھ آپ سے زیادہ آپ کے دوست کو ترجیح دے کیونکہ وہ اپنا مطلب کے لیے سب کا استعمال کر رہا ہوتا,n
ان کا وجود ہمارے معاشرے کے لیے زہر ہے۔,h
تم دونوں بہاڑ میں جاو مادرچود,h
تم خود اپنی بیوی کی نمائش کرواتے ہو جو اسلام کے خلاف ہے کا حکم ہے قرآن مجید میں کہ پردہ کرو تاکہ پہچانی جاؤ اور ستائی نہ ہو مطلب پردہ کرو تاکہ پتہ چلے تم خاندانی عورت ہو بازاری عورت نہیں لیکن پیسوں کو آپ لوگوں نے مقصد بنا لیا ہے توبہ کرو آج بھی وقت ہے کی رحمت کا دروازہ کھولا ہے بجائے دوسروں پر الزام لگانے کے توبہ کرو اور بے حیائی مت پھیلاؤ,n
ان کا ہر قدم نفرت کا باعث ہے۔,h
تمھاری اوقات بس اتنی ہے کہ دو ٹکے کی عزت بھی نصیب نہ ہو۔,o
تم جیسے ناکام انسانوں کا مقدر بس رونا دھونا ہوتا ہے۔,o
شام کی آنکھیں ہی کسی درندے اور نہایت خود غرض ترین انسان والی ہیں مجھے اس کی آنکھوں سے بڑی سخت نفرت ہے کیونکہ یہ اسکے کردار کا صحیح آئینہ ہیں,h
آپ لوگوں کی بکواس اور فالتوں ویڈیوز پر ماشاءا للہ لکھنے والوں آپ کو فالو کرنے والوں پر بھی افسوس ہے لعنت ہے ویلے فارغ لوگوں پر,o
کوئی بتا سکتا ھے کہ یہ میاں بیوی پٹواری ھیں کیا کیونکہ یہ تو مجھے جاہل اور انپڑ لگ رہے ھیں,h
یہ گروہ معاشرتی امن کا دشمن ہے۔,h
بھائی ڈہائی سال تک آپکا موبائل کے انسٹرا گرام میں میسج کیسے محفوظ رہتا ہیں مجھے بھی بتائے میرا میسج خود ختم ہوجاتا ہے کچھ عرصہ بعد,n
"ہر وقت اپنی بے وقوفی کا مظاہرہ کرنا تمہاری عادت بن چکی ہے، شرم کرو کچھ۔",o
تم جیسے بد زبانوں کے لیے دنیا میں کوئی جگہ نہیں ہونی چاہیے۔,o
پنجابی کی ایک مثال ہے ککا بورا بندہ بلی آنکھوں والا تے مونچھا والی رن عورت جس کی مونچھیں ہوں بال ہوں چہرے پر جیہڑا اینا دا اعتبار کرے اوندی وی پین دی ایل,o
شہادت امام علی علیہ سلام ھے کم از کم آج کے دن میوزک اور باقی اچھل کود سے پرہیز کر لیتے ۔۔۔۔۔ رمضان,o
سب کو باری باری گالی دینے کا موقع ملے دھکم پیل نہ کریں,o
میں سے ایک میں ہو اگر دنیا میں ایک فن ہیں تو وہ میں ہی ہو اگر دنیا میں کوئی فن نہیں ہیں تو سمجو میں مر چکا ہو,n
السلام علیکم ڈکی بھائی کیسے ہو ٹھیک ہو ڈکی بھائی میرا ماننا تو یہ ہر بندے اپنا حساب خود دینا ہوگا اخرت میں کیونکہ جس طرح دنیا میں اپ کرو گے اس طرح اخرت میں بھی اپ سے حساب لیا جائے گا اور یہ جو یوٹیوب پہ ہے اپ کے بارے میں ویڈیو لگاتے ہیں ان کو تھوڑی سی شرم انی چاہیے پہلے آپ اپنے آپ کو صحیح کرے بعد میں کسی پر تنقید کرے۔۔میرا تو یہ ماننا ہے ۔۔وَتُعِزُ مَن تَشَاء وَتُذِلُ مَن تَشَاء,n
پہلے بیک مانگ مانگ کر سبسکرائب کرواتے ہیں اور پھر یہ لوڑے ہمیں فینز بولتے ہیں,o
بدلہ برادر کی روسٹنگ سے اوپر کوئی نہیں بے عزت بھی کرتے ہو تو لاجک سے۔۔۔ لیکن آپ جو مرضی کولو انکو شہرت اور پیسہ حاصل کرنا ہے اسکے لیے اتنے اندھے ہوگئے ہیں کہ بیغیرتی کو محنت اور ٹیلنٹ کا نام دے رہے ہیں باقی جتنا انکا دماغی لیول ہے ان کی باتیں انہی کیساتھ میچ نہیں کررہی,n
شام خبیث بھائی جان۔۔۔ اب آپ پکا وڑ گئے ہو اور یہ ویڈیو آپکے تابوت میں آخری کیل ہے۔,o
میں جب میں اپنے ٹٹے شیو کرتا ہوں تو اس کی گانڈ کی طرح ہو جاتے ہیں,o
"ہن نئی کاکا، ہن لوک سارے یوٹیوبراں نوں گالا کڈ دے نے، تسی سارے پیچھوں ایک ای اوو۔ سب ڈرامے باز ڈالر دے شوقین",h
آپ کا ایک کلک لگنا ہے اور مجھ غریب کی زندگی بدل جانی ہےآپ کا کچھ بھی نہیں جائیگا اللہ میں آپ کو تمام خوشیاں نصیب فرمائے اور آپ کے والدین کا سایہ ہمیشہ سلامت رکھے انہیں لمبی زندگی عطا فرمائے آمین,n
ان کی تعلیمات صرف نفرت سکھاتی ہیں۔,h
"تیری باتیں سن کر دماغ کی نسیں پھٹنے کو آتی ہیں، کیا بکواس ہے جو تم دن رات کرتے رہتے ہو؟",o
چوتیے اتنے تیرے کام نہیں جتنے چوتیاپے ہیں عوام سیاسی شو کی طرح بتی کے پیچھے لگا کر ریٹنگ کماتے ہو اینٹرٹینمنٹ کے نام پر ذلالت ہی کرتے ہو,h
هم مسلمان هیں همارا مذهب همیں روکتا هے که کسی کی دل آزاری نهیں کرنی اس لیے تمام ویورز سے گزارش هے که ڈکی بھاٸی کے چینل پر هیٹ کمنٹ نه کریں ۔۔۔۔,n
تم بہت بڑے چوتیا ہو گھٹیا انسان,h
"دن ماڑے ویکھ کے چن ماہی، ویندا ہر کوئی چھوڑ سلام اے جیڑے خون دے رشتےدار ہوون، او وی کردے غلط کلام اے ٹٹ پینگھ ونجے جدوں بختاں دی، ہوندی ہر کوشش ناکام اے ڈھلے بخت تے سجنڑ وی چھوڑ ویندے، اے رسم جہان تےعام اے",n
چاند کے ساتھ سانڈھ کیا ظلم ہے,h
تمہارے جیسے لوگ ملک کی بدنامی کا باعث بنتے ھیں تمہاری زبان ھی غلط ہے,h
اس چوتیے نے صیح بولا کہ ڈول کے آنے کے بعد گناہ کم ہو جائے گا,h
اللہ کا لاکھ لاکھ شکر ہے ڈکی بابا رجب اور جتنے بھی گندگیاں ہیں کہ میں نے ان کو کبھی بھی فالو نہیں کیا ہوا,o
تم جیسے ناکام انسانوں سے زیادہ کوئی قابل رحم نہیں۔,o
السلام علیکم اقرار پی اپ کی ویڈیو دیکھ کر سارے دن کی ٹینشن دور ہو جاتی ہے اریب بھائی بہت اچھے شوہر ہیں اللہ اپ دونوں کو ہمیشہ خوش رکھے,n
اَلسَلامُ عَلَيْكُم وَرَحْمَةُ اَللهِ وَبَرَكاتُهُ بھاٸی میرا چینل بھی سبسکراٸب کر دو مہربانی ہو گی ۔ بہت محنت کرتا ہوں,n
لوگ کہتے ہیں جو جیسا کر رہا ہے کرنے دو آپ کو کیا لگے ان لوگوں کو مسلہ نہیں ہے اپنی بیویاں دیکھنے میں تو آپ کو کیا مسئلہ ہے تو ہمیں ہیں مسئلہ ہم غلط کو غلط کہے گے اگر غلط کر رہا ہو اور اس کو ایسا کرنے دینا اور کچھ نہیں کہنا جائز ہوتا تو پاک اپنوں بندوں کی اصلاح کے لیے کم و بیش لاکھ چوبیس ہزار انبیا ء کرام نہ بھیجتا قرآن مجید میں فرماتا ہے کہ ہم نے رسول بھیجے تاکہ وہ خوش خبری دیں اور ڈرائے اس لیے ہم تو غلط کو غلط کہے گئے اور ہر بندے کا حشر اس کے ساتھ اس ساتھ اس کی حمایت ہے اس لیے ہماری حمایت گناہ اور غلط کام کے ساتھ نہیں اور جس کو گمراہ کر دے اس کے لیے تم کوئی راہ بتانے والا نہیں پاؤ گے القرآن,n
انہوں نے صرف عمران خان کو چھوڑنے کی وجہ سے گرفتار کیا۔,o
یہ قوم ہمیشہ فساد پھیلانے والی رہی ہے۔,h
یہ قوم دھوکہ دہی میں ماہر ہے۔,h
تیسری جنگ عظیم شروع ہو گٸ ہے ۔ بھاٸی میرا چینل بھی سبسکراٸب کر دو مہربانی ہو گی ۔ بہت محنت کرتا ہوں۔ نیوز چینل ہے ۔,n
کیا بےغیرتی ہے یار۔۔۔ پیسے اور شہرت کی ہوس انسان سے کیا کیا کرواتی ہے۔۔۔ اب اللہ بہتر جانتا ہے کہ وہ سچا ہے یا جھوٹا لیکن ہمیں اس چیز میں دلچسپی نہیں۔۔۔ اور بھی بہت سارے ٹوپک ہیں تم اس پر بھی وڈیو بنا سکتے ہو جیسے ہمیشہ بناتے۔۔۔ وہ جو کرتا ہے اسے کرنے دو تمہیں کیا لینا دینا ہے یا اس کو کیا لینا تم سے۔۔۔,h
دکی بھائی ایک بہت مشہور یوٹیوب کمیڈی کیونیڈی ہیں۔ ان کے ویڈیوز میں وہ ہنسی مزیدار لطیفوں پر مبنی ہوتے ہیں۔ وہ اپنے کاروباری سوالات اور زندگی کے مواقف پر بھی مزیدار مذاق کرتے ہیں۔ ان کا چہرہ بھی بہت مشہور ہے اور لوگ ان کی اداکاری کو پسند کرتے ہیں۔ دکی بھائی کے ویڈیوز دیکھ کر آپکو بہت مزیداری ملے گی,n
تو اتنا کنجوس ہے کبھی اپنے فینز کو موبائل ہی گفٹ کر دیا کرو ۔ آج تک تجھے اپنے فینز کے لیے کوئی آفر دیتے ہوئے نہیں دیکھا,n
اللّه کی کیسی لعنت ہوتی بے حیا اور بے پردہ لوگو پر ۔۔عوام کی مجوریٹی ان سے سخت نفرت کرتے ہیں اور یہ خود کو ہیرو سمجھتیں ہو گے ۔که رہی ہے کہ ہم ترقی کر رہے تھے ۔۔ترقی نہیں اپنی آخرت برباد کر رہے پیسے پیچھے۔۔۔,h
"اتنی فضول حرکتیں کر کے تم کیا ثابت کرنا چاہتے ہو، کہ تم دنیا کے سب سے بڑے بے وقوف ہو؟",o
یہ گروہ ملک دشمنی میں مصروف ہے۔,h
یہ گروہ ملک کا امن تباہ کر رہا ہے۔,h
اپنا آئی ایم ایف والا قرضہ دے کر مرنا نہیں تو تمہارے حصے کا ہمیں بھرنا پڑے گا,o
اس کو کہتے ہیں بناء تیل لگائے گانڈ مارنا مزہ آگیا,o
کھوتی گھر والا بھی کجر شرم کرو حیا کرو لوگوں کو کیا دکھا رہی ہو گھوتی ہو,o
اتنی گندی زبان اور اتنے بے شرم الفاظ کہ بندہ کانوں میں انگلیاں ٹھونس لے۔,o
جب روح نکلتی ہے توانسان کامنہ کھل جاتاہے ہونٹ کسی بھی قیمت پرآپس میں چپکے ہوہے رہ نہیں سکتے روح پیرکوکھینچتی ہوہی اوپرکی طرف آتی ہے جب پھپڑوں اوردل تک روح کھینچ لی جاتی ہے اور انسان سانس ایک ہی طرف یعنی باہر ہی چلنے لگتی ہے یہ وہ وقت ہوتاہےجب چند لمحوں میں انسان شیطان اورفرشتوں کودنیامیں اپنے سامنے دیکھتاہے ایک طرف ابلیس اس کےکان میں کچھ مشورے دیتاہے تودوسری طرف اسکی زبان اسکےعمل کےمطابق کچھ الفاظ ادا کرنا چاہتی ہے اگر انسان نیک ہوتواسکادماغ اسکی زبان کو کلمہ شہادت کی ہدایت دیتاہے اگرانسان کافرہوبددین مشرک یادنیاپرست ہوتاہے تو اسکا دماغ کنفیوژن اورایک عجیب ھیبت کاشکارہوکرشیطان کےمشورے کی پیروی کرتا ہے اور بہت ہی مشکل سے کچھ الفاظ زبان سے اداکرنیکی بھرپورکوشش کرتاہے یہ سب اتنی تیزی ہوتاہے کہ دماغ کودنیاکی فضول باتوں کوسوچنے کاموقع ہی نہیں ملتاانسان کی روح نکلتے ہوئے ایک زبردست تکلیف زھن محسوس کرتاہے لیکن تڑپ نہیں پاتاکیونکہ دماغ کوچھوڑکرباقی جسم کی روح اسکے حلق میں اکٹھی ہوجاتی ہے اورجسم ایک گوشت کےبےجان لوتھڑے کی طرح پڑاہواہوتاہے جس میں کوہی حرکت کی گنجاہش نہیں رھتی آخرمیں دماغ کی روح بھی کھینچ لی جاتی ہے آنکھیں روح کولےجاتےہوے دیکھتی ہیں اسلیے کہ آنکھوں کی پتلیاں اوپرچڑھ جاتی ہیں یاجس سمت فرشتہ روح قبض کرکےجاتاہے اس سمت کی طرف ہوتی ہیں اسکےبعدانسان کی زندگی کاسفرشروع ہوتاہےجس میں روح تکلیفوں کےتہہ خانوں سےلےکر آرام کےمحلات کی آہٹ محسوس کرنےلگتی ہےجیساکہ اس سےوعدہ کیا گیا ہے جودنیاسے گیاواپس کبھی لوٹانہیں صرف اس لیےکہ کیونکہ اسکی روح عالم اے برزخ کاانتظارکررھی ہوتی ہےجس میں اسکاٹھکانادےدیاجاےگا اس دنیا میں محسوس ہونے والی طویل مدت ان روحوں کے لیے چند سیکنڈز سےزیادہ نہیں ہوگی یہاں تک کہ اگرکوہی آج سے کروڑوں سال پہلے ہی کیوں نہ مرچکاہو مومن کی روح اس طرح کھینچ لی جاتی ہے جیسے آٹےسےبال نکالاجاتاہے گناہ گار کی روح خارداردرخت پرپڑے سوتی کپڑے کی طرح کھینچی جاتی ہے اللہ سبحانه وتعالی ھم سبکو موت کے وقت کلمہ نصیب فرماکرآسانی کیساتھ روح قبض فرما اور نبی پاک صلی اللہ علیہ وسلم کادیدارنصیب فرما آمین یارب العالمین منقول,n
تیری جہالت کی مثالیں دینا بند کر دیں ورنہ دنیا پاگل ہو جائے گی۔,o
ان کو کوئی حقوق نہیں ملنے چاہیے۔,h
ہندو قوم کے افراد ناقابل اعتبار ہیں۔,h
اپریل فول کی درد ناک حقیقت جب عیسائی افواج نے اسپین کو فتح کیا تو اس وقت اسپین کی زمیں پر مسلمانوں کا اتنا خون بہایا گیا کہ فاتح فوجکے گھوڑے جب گلیوں سے گزرتے تھے تو ان کی ٹانگیں گھٹنوں تک مسلمانوں کے خون میں ڈوبی ہوتے تھیں جب قابض افواج کو یقین ہوگیا کہ اب اسپین میں کوئی بھی مسلمان زندہ نہیں بچا ہے تو انہوں نے گرفتار مسلمان فرما روا کو یہ موقع دیا کہ وہ اپنے خاندان کے ساتھ واپس مراکش چلا جائے جہاں سے اسکے آباؤ اجداد آئے تھے قابض افواج غرناطہ سے کوئی بیس کلو میٹر دور ایک پہاڑی پر اسے چھوڑ کر واپس چلی گئی جب عیسائی افواج مسلمان حکمرانوں کو اپنے ملک سے نکال چکیں تو حکومتی جاسوس گلی گلی گھومتے رہے کہ کوئی مسلمان نظر آئے تو اسے شہید کر دیا جائے جو مسلمان زندہ بچ گئے وہ اپنے علاقے چھوڑ کر دوسرے علاقوں میں جا بسے اور وہاں جا کر اپنے گلوں میں صلیبیں ڈال لیں اور عیسائی نام رکھ لئے اب بظاہر اسپین میں کوئی مسلمان نظر نہیں آرہا تھا مگر اب بھی عیسائیوں کو یقین تھا کہ سارے مسلمان قتل نہیں ہوئے کچھ چھپ کر اور اپنی شناخت چھپا کر زندہ ہیں اب مسلمانوں کو باہر نکالنے کی ترکیبیں سوچی جانے لگیں اور پھر ایک منصوبہ بنایا گیا پورے ملک میں اعلان ہوا کہ یکم اپریل کو تمام مسلمان غرناطہ میں اکٹھے ہوجائیں تاکہ انہیں انکے ممالک بھیج دیا جائے جہاں وہ جانا چاہیں اب چونکہ ملک میں امن قائم ہوچکا تھا اور مسلمانوں کو خود ظاہر ہونے میں کوئی خوف محسوس نہ ہوا مارچ کے پورے مہینے اعلانات ہوتے رہے الحمراء کے نزدیک بڑے بڑے میدانوں میں خیمے نصب کر دیئے گئے جہاز آکر بندرگاہ پر لنگرانداز ہوتے رہے مسلمانوں کو ہر طریقے سے یقین دلایا گیا کہ انہیں کچھ نہیں کہا جائے گا جب مسلمانوں کو یقین ہوگیا کہ اب ہمارے ساتھ کچھ نہیں ہوگا تو وہ سب غرناطہ میں اکٹھے ہونا شروع ہوگئے اسی طرح حکومت نے تمام مسلمانوں کو ایک جگہ اکٹھا کرلیا اور انکی بڑی خاطر مدارت کی یہ کوئی پانچ سو برس پہلے یکم اپریل کا دن تھا جب تمام مسلمانوں کو بحری جہاز میں بٹھا یا گیا مسلمانوں کو اپنا وطن چھوڑتے ہوئے تکلیف ہو رہی تھی مگر اطمینان تھا کہ چلو جان تو بچ جائے گی جان بچھی تو لاکھوں پاے دوسری طرف عیسائی حکمران اپنے محلات میں جشن منانے لگے جرنیلوں نے مسلمانوں کو الوداع کیا اور جہاز وہاں سے چلا دیئے ان مسلمانوں میں بوڑھے جوان خواتین بچے اور کئی ایک مریض بھی تھے جب جہاز سمندر کے عین وسط میں پہنچے تو منصوبہ بندی کے تحت انہیں گہرے پانی میں ڈبو دیا گیا اور یوں وہ تمام مسلمان سمندر میں ابدی نیند سوگئے اس کے بعد اسپین میں خوب جشن منایا گیا کہ ہم نے کس طرح اپنے دشمنوں کو بیوقوف بنایا پھر یہ دن اسپین کی سرحدوں سے نکل کر پورے یورپ میں فتح کا عظیم دن بن گیا اور اسے انگریزی میں کا نام دیدیا گیا یعنی یکم اپریل کے بیوقوف آج بھی عیسائی دنیا اس دن کی یاد بڑے اہتمام سے منائی جاتی ہے اور لوگوں کو جھوٹ بول کر بیوقوف بنایا جاتا ہے اس رسم کے درج ذیل نقصانات ہیں دشمنوں کی خوشی میں شرکت کرنا نفاق میں ڈوب جاتا جھوٹ بولنا اور ہلاکت پانا اللہ کی ناراضگی پانا مسلمان بہن بھائیوں کی تباہی و بربادی کی خوشی منانا مسلمان بہن بھائیوں کو مصیبت میں ڈالنا دنیا و آخرت میں تباہی ہی تباہی ہے اللہ آپکو پڑھنے کی اور مجھے لکھنے کا جزا دیں آمین پوسٹ ملتے ھی شئیر کر دیا کریں آپ کی شئیر ہمارا پیغام لوگوں تک پہچانے میں بہت کاریگر ثابت ہوتی ہے یااللہ موت کی تلخی قبر کی سختی حشر کی شرمندگی جہنم کی گرمی سے ہماری حفاظت فرما آمین,n
ان کے لیڈر انسانیت کے دشمن ہیں۔,h
اقرا آپی جو کوئی بھی بکواس کرتا ہیں کرنے دیں سب آپ کی بلندی سے جلتے ہیں بس اللہ پاک آپ کی ساری فیملی کو اور بلندی دیں آمین ثم آمین,o
تم سارے یوٹیوبر ہی بہن یک ہو جاؤ تمہارے ساتھی ہیں اور تم نیچے کمنٹ کر رہے ہیں تمہیں سپورٹ کر رہے ہیں جو دوسرے یوٹیوبر کے ساتھ بھی ہیں وہ ان کو سپورٹ کر رہے ہیں ان کے نیچے ان کی ویڈیو کے نیچے کمنٹ کر کے تم سب گانڈو ہو,n
یہ گروہ ہر جگہ نفرت پھیلاتا ہے۔,h
ایک نمبر کا لعنتی اپنی ماں بیوی بہن کا مجرا دیکھانے والا لعنتی,o
ان لوگوں کو جینے کا کوئی حق نہیں ہے۔,h
"اوہ مرو، ڈاکیہ، تو سانو نفرت انگیز تبصرہ کرے گا، یہ تین نفرت انگیز تبصرے ہیں کردیاں، ڈاکیہ",h
اس سے پہلے تیری ویڈٰیوز پر لائیک جاتے تے اب رپورٹس جائیں گیں,h
بھائی کچھ اور بھی روسٹ کیا کریں آپ کیو ں ان منحوس لوگوں کو سامنے لے کر آجاتے ہیں آپ کی روسٹنگ سب سے بہترین پلیز چینج یور ڈائریکشن,o
"تم لوگوں کا آپس میں کیا ہوا ، لڑائی کیوں ہوئی ؟ اس کے بعد تم نے لوگوں نے ایک دوسرے کے خلاف کیا کیا ؟ میرا خیال ہے کہ یہ کسی بھی دیکھنے والے کا موضوع نہیں ہونا چاہئیے ۔۔۔ حقیقت اور سچ یہی ہے کہ ، تم لوگوں نے اپنے دیکھنے والوں کو دھوکہ دینے کی کوشش کی ہے ۔۔۔۔ اور اس کو پورا پلان کیا ہے ۔۔۔۔ اب اس میں کوئی کتنا قصوروار تھا ۔۔۔۔ یہ معنی نہیں رکھتا ۔۔۔۔ تم لوگوں نے مل کے پلان بنایا ۔۔۔۔ تو تم سب برابر کے دمہ دار ہو ۔۔۔ اس بات پر شرمندہ ہونے کی بجائے باقی کہانیاں سنا رہے ہو اور اصل قصور کو مان نہیں رہے ۔۔۔ ارے بھائی ہمیں کیا غرض کہ طلحہ ، ندیم یا شام کے درمیان لڑائی کیوں ہے ؟؟؟ ہمارا مطلب یہ کہ تم لوگوں کو شرم نہیں آئی دیکھنے والوں کے خلاف پلان بناتے ہوئے ۔۔۔۔۔ اس بات پر شرم کرو بے شرمو۔۔۔۔۔۔",o
ایسے لوگوں کو عبرتناک سزا ملنی چاہیے۔,h
جبرائیل علیہ السلام فرماتے ہیں کہ میں نے مشرق سے مغرب تک ساری زمین الٹ پلٹ کر دیکھی مگر محمد ص جیسا حسین چہرہ نہیں پایا,n
ہیلو ہیلو ڈکی بھائی اپ کے میں نے اپ کی جوائن کرنی ہے اپ مجھے اپنی جگہ پر کرلیں میں اپ کے جوان پر پہنچی کروں گی تیاری,n
قرآن پاک میں ارشاد ہے اور دوسروں کو برے القاب سے نا پکارو ایمان لانے کے بعد فاسق کہلانا کتنا ہی برا ہے۔ اور جو کوئی توبہ نہیں کرے گا ان باتوں کے بعد پس وہ ظالم بے انصاف ہے الحجرات,n
کیونکہ تم اپنی ماں اور اپنی بیوی کو دکھا کر پیسے کماتے ہو ایسا پیسہ پر میرا پیشاب,o
اپ صبح دوپہر شام جب مرضی ولاگ بھی بناؤ لیکن اپ سے ایک عاجزانہ التماس ہے ریکویسٹ ہے گزارش ہے ۔۔۔خدارا اپنے ولاگ میں اپنی بیوی ماں کو شامل مت کیا کرو اپ غیرت مند انسان بنو اور ایک مسلمان ہو اور مسلمان والے ثبوت دو نہ کہ پیسوں کے پیچھے اپنی پرائیویسی شو کرو,o
تم نے سچ میں کافور انے والی بات کی ہے تم جھوٹ بول رہی ہو ویسے کار لینی ہو دیور ساتھ میں رینٹ پر کارڈ لے کر شوخیاں مارتی ہو,o
ڈکی بھائی اچھا کیا آپ نے دلائل دیئے ورنہ آپ کو بہت عوام غلط سمجھ رہی تھی اس معاملے میں عوام نے ایک سائیڈ کو سن کر فیصلہ کرلیا تھا آپ نے وضاحت دے کر اچھا کیا,n
ان کی رہنمائی صرف نفرت پر مبنی ہے۔,h
اج ایک بات سیکھنے کو ملی حقیقت جان بنا کسی پر اعتماد نہ کریں کوئی کچھ بھی بولے کبھی یقین مت کرنا جب تک ثبوت نہ ملے میں اپ کے ساتھ ہوں ڈکی بھائی,n
یہ کمینہ شکل سے ہی بے شرم لگتا ہے ابلیس ڈکی بھائ ایسے لوگ صرف باتیں ہی کرسکتے,o
ڈکی بھائی میں دعا کرتا ہوں کہ اللہ پاک آپ کو بھی ہدایت دے جو آپ کے خلاف ویڈیو بنا رہے ہیں اللہ ان کو بھی ہدایت دے کے وہ ان کاموں سے باز آجائیں,n
"اپنی فضولیات کو دلیلیں سمجھنے والے، کبھی آئینہ دیکھ کر حقیقت کا سامنا بھی کر لو۔",o
ڈکی بھائی موت اللہ کے ہاتھ میں ہے یہ پلاسٹک کا باندر کچھ نہیں کر سکتا اللہ آپ کے گھر والوں اور آپ کو اپنی حفظ و امان میں رکھے آمین,n
ڈکی جیسا منافق میں نے نہیں دیکھا میں نے بھی ڈکی کی وجہ سے شام ادریس کو ایک بالکل منافق انسان سمجھا تھا مگر وہ حقیقت میں ڈکی کی طرح گرا ہوا انسان نہیں تھا لعنت تیرے پر منافق انسان بدلا برادر نے ساری منافقت کھول کر رکھ دی ہے میں نے ابھی بدلا کی نئی وڈیو دیکھی تیرے جیسے گندے انسان کے لیے مجھے تو الفاظ نہیں مل رہے انسان کے نام پر دھبہ ہے بیوی دیکھا کر کمائی کرنے والے,n
اپ پاکستان کے سب سے بڑے یوٹیوبر ہیں۔اپ کو چاہیے کہ ہمارے جیسے جو چھوٹے یوٹیوبر ہیں۔ ان کی مدد کریں۔مالی مدد نہیں کام سمجھا کے۔تاکہ ہم سب یوتوب پہ کامیاب ہو سکیں۔میری طرح بے شمار نوجوان بے روزگار اور پریشانی کی زندگی گزار رہے ہیں۔ہم سب لوگ اپنے پیٹ کے بارے میں سوچتے ہیں۔اگر کسی دوسرے کے بارے میں بھی اچھا سوچیں تو رب کی ذات بھی خوش ہوگی۔ اور لاکھوں دعائیں ملیں گی,n
سلیقہ جن کو سکھایا تھا ہم نے چلنے کا وہ لوگ آج ہمیں دائیں بائیں کرنے لگے,o
ایک بات ہے جو زبان یہ استعمال کرتا ہے میں سوچتا تھا کہ یہ یا تو حرام کی اولاد میں ہو گا یا اس کے والدین کو علم ہی نہی ہو گا کہ یہ اپنی ویڈیو میں کونسی زبان استعمال کرتا ہے۰ اب یہ خود بتاتا ہے کہ اس کے گھر والے بھی اس کی ویڈیو دیکھتے ہیں۰ تو اس کا مطلب کیا ہوا کہ یہ حرام کی اولاد آپکے بچوں کو بھی حرام کی اولاد والی ہی تربیت دیے رہا ہے۰ میری سب بچوں اور انکی فیملی سے درخواست ہے کہ ایسے بندوں کو ان کے حال پر چھوڑ دو اور ان جیسے لوگوں کیلئے الللہ سے دعا کریں کہ الللہ انہیں بھی اور ہمیں بھی ہدایت دیے آمین۰,n
اپنی ماں بہنوں کو بیچنے والے ڈکی تو پہلے بھی پیسے کا غلام اور گونڈا تھا اج بھی تو ویسا ہی ہے دوسروں کو گالیاں دے کر ویوز اور سبسکرائبر لینے والا شریف بن رہا ہے تیرے ولاگ کے سبسکرائبر تجھے اخرت میں جنت میں نہیں لے جائیں گے,o
یی لوگ سکیمر ہیں ان لوگوں سے دور رہیں ان کے باتوں میں مت او,h
"تم محبت کا جواب صرف نفرت سے دے سکتے ہو تم نفرت بول بول کر صرف قابل نفرت ہو چکے ہو تم نہ محبت کو سمجھ سکتے ہو نہ اس قابل ہو کے تم سے کی جائے خدا تم کو ہدایت دے ، نفرت کرنا آسان ہے لیکن محبت کرنا نہیں",h
اتنی فضول حرکتیں کر کے بھی تمھیں فخر محسوس ہوتا ہے؟,o
"زبردست ولاگ آپ کی ویڈیو دیکھ کر مجھے بھی اپنی ولاگنگ کی یاد آ گئی، میں نے بھی ایک نیا ولاگ اپلوڈ کیا ہے، ضرور دیکھیں۔",n
ایسے لوگوں کا خاتمہ ضروری ہے۔,h
تم جیسے لوگ اپنی ناکامیوں کا الزام دوسروں پر ڈال کر بچنے کی کوشش کرتے ہیں۔,o
اتنی گھٹیا حرکتوں کے بعد بھی تمھیں احساس نہیں ہوتا۔,o
زبان کی گندگی اور دماغ کی کمی تمھارے کردار کا آئینہ ہے۔,o
ان کی زبان صرف نفرت بولتی ہے۔,h
مجھے آپ کے جواب سن کر مزہ بہت آیا آچھا کیا جو آپ نے جواب دیا اگر میں ہوتی تو جو آپ کو غلط بولے ان کو اچھی اچھی جواب دیتی,n
آپ سب سے گزارش ہے کہ میں پاکستان کی فوج کی بہت محنت کرکے وڈیوز بناتا ہوں پلیز حوصلہ افزائی کی خاطر میری سپورٹ کریں,n
بھائی میں خیر یو ٹیوبر تو نہیں ہوں لیکن جس طرح سے یہ فیک لوگ آپکو دھمکیاں دے رہے ہیں تو میں ان ابلیس کے چیلوں پہ لعنت بھیجتا ہوں ۔ ۔ ۔ پورا پاکستان تو کیا پوری دنیا کو ان لوگوں کی منافقت پتہ چل گئی ہو گی۔ ۔ ۔ جُگ جُگ جیو ڈکی بھائی,n
ڈکی اور شام ایک دوسرے کی مٹی پلید کریں گے پھر اخر میں صلح کرلیں گے اور دونوں اپنے سبسکرائبرز کو چونا لگائیں گے ہاہاہاہاہاہا,n
کتنی بار میں توبہ کر چکا ہوں اب گالیاں نہیں دوں گا یہ لوگ مجھے جنت میں نہیں جانے دیں گے,o
لعنت ہو تم جیسے بیغرت لوگوں پر جو اپنی طوائف بیوی کی ادائیں سوشل میڈیا پر دیکھا کر پیسے کماتے ہیں اگر تھوڑی سی غیرت اور مردانگی ہے تو اپنی ماں بیوی کو دیکھائے بغیر اپنی حیثیت اور انرجی پر کروڑ پتی بن کر دیکھاؤ تم وہ بیہودہ اور گھٹیا انسان ہو جس نے پاکستان کے بچوں کی ذہانت کو گندگی سے بھردئیے ہیں,n
السلام علیکم بھائی جان میں آپکی تین سال سے ویڈیو دیکھ رہا ہوں مجھے اس سارے معاملات کا مجھے پتہ ہے کہ کب کیا ہوا تھا ہم اس وقت بھی آپ کے ساتھ تھے اور آج بھی ہم آپ کے ساتھ ہیں دو تین سال پہلے میں شام ادریس کی سب ویڈیو دیکھتا رہا اور جو اپلوڈ کرتا تھا فیس بک پیج پر بھی فالو کیا ہوا تھا اور یوٹیوب کو بھی سبسکرائب کیا ہوا تھا جب سے اس نے پاکستانی یوٹیوب اور کو برا بھلا کہنا شروع کیا اور آپ کے ساتھ غلط الفاظ استعمال کیے بہت برا بھلا کا پاکستانی یوٹیوبرز کے ساتھ اس نے غلط الفاظ استعمال کئے تھے میں نے یہ کیا کہ اس کا فیس بک پیج بھی انفالو کیا اور یو ٹیوب سبسکرائب ختم کردیا دو سال سے میں نے اس کو بالکل نہیں دیکھا تھا آج آپ کی ویڈیو بنی آپکی تو روز دیکھتے ہیں جو اپلوڈ کرتے ہو شام ادریس وہ بندہ کبھی بھی اپنی عزت کروانے چاہتا ہی نہیں ہے ا ٹھوکتے رہو اور آگے نکلتے جاؤ کمنٹس کو میں نے پہلی دفعہ دیا ہے ہم آپ کا ہر لفظ بلفظ آپ کے ساتھ ہیں آئی لو یو ڈنکی بھائی دل خوش کردیا آپ نے یہ جو بچائی ہے پہلے بھی اور آج بھی میری دعا ہے یہ ویڈیو ٹریننگ پر چلی جائے اچھا کیا اس کی پکچر بھی اپنی یوٹیوب پر نہیں لگائی دیکھنے کا دل ہی نہیں کرتا,n
اف اللہ یہ کیسا انصاف ہے اتنی خوبصورت لڑکی اس سانڈ کو دیدی اور ہم دنیا میں کیا صرف ان کو دیکھنے آے ہیں,o
اچھا بھائی بات یہ ہے کہ تم بھی گانڈو شام ادریس بھی گانڈو اور وہ ریلوکٹا شامیر بھی گانڈو اب بات یہ ہے کہ یہ تم لوگ ہم سب کو چوتیاں بنا رہے ہو ایک سیکنڈ کے لئے مان لیتے ہیں کہ شام ادریس نے تمہیں دھمکی دی ہے اب یہ بتاؤ کیا شام ادریس آئی ایس آئی کا ایجنٹ ہے کیا وہ اسامہ بن لادن کے گروپ سے ہے کیا اس کا تعلق القاعدہ سے ہے اگر نہیں تو تم اس سے اتنا خوفزدہ کیوں ہوگئے ایک عام انسان ہے اگر اس نے ایک دھمکی دی تھی تو تم سوشل میڈیا پر آگے ڈھنڈورا کیوں پیٹ رہے ہو کیا یہاں پر بیٹھے کسی ایک فرد نے بھی تمہیں اس وقت بچانا ہے جب تم پر حملہ ہونا ہے نہیں بچا نا اگر کوئی بچائے گا تو یاوہ اللہ ہوگا اور اس کے بعد پولیس ہوگی تو تم جاکے پولیس میں کیوں نہیں ایف آئی آر درج کرواتے کہ اس نے مجھے دھمکی دی ہے تم اپنی سستی شہرت کے لیے عوام کو گانڈو بنا رہے ہو وہ تو گانڈو ہی ہیں تو ماما پاگل بنا رہے ہو بےغیرت انسان سستی شہرت کے لئے گانڈو پناہ کرنا بند کرو یہ جہالت ہے اور کچھ نہیں اچھا بھائی بات یہ کہ تم بھی گانڈو میں دوبارہ دہرا دیتا ہوں تم تینوں گانڈو شام ادریس شاہ میر اور بطخیں کتا,n
اس سے پچھلی ویڈیو پر تمہاری بہن فاطمہ نے کیسے کپڑے پہنے جس کے سلیوز ہی نہیں ہے یہ عزت دار عورتوں کے کام ہیں اریب کو کہو اپنی بھابھی کے کپڑے اس طرح پہن کے ویڈیو بنائے وہ کبھی بھی نہیں بنائے گی کیونکہ وہ ایک عزت دار خاندان سے ہے اس لیے وہ کبھی بھی اس طرح کے لنڈے کپڑے پہن کر سامنے نہیں ائے گی تم لوگ ایک ک خاندان سے ہو اس لئے تم لوگ پہن لیتی ہو ایسے کپڑے ارے باپ اور تمہاری ماں کی بھی غیرت مر گئی ہے زیادہ کمائی کھانے کے چکروں میں ان کو تمیز ہی نہیں رہی کہ بیٹیوں کے کپڑے کیسے پہننے ہیں تم جیسی عورتوں کے شلوار اتار کر سڑک میں لے لیتے ہیں پھر لوگ تم جیسی اگے کہتے ہو ہمارے ساتھ زیادتی ہوگئی فاطمہ نے جیسے کپڑے پہنے ہوئے تھے تمہاری بہن نے وہ بہن کے عزت دار گھرانے کی عورتیں باہر پھرتی ہیں کوئی بھی عزت دار گھرانے کے لوگ تم جیسی سے شادی نہیں کریں گے یہ تو عریب کی ماں باپ نہیں ہے تو اقراء تمہاری شادی ہو گئی اس کے ساتھ ورنہ اگر وہ زندہ ہوتی تو تم کبھی بھی اریب کی بیوی نہ بنتی وہ کیوں کیونکہ اس نے اپنی پہلی بہو جو لے کے ائی وہ عزت دار گھر سے لے کے ائی ہے وہ کبھی بھی ایسے کپڑے پہن کر سوشل میڈیا پر نہیں ائے گی کیونکہ اس کی غیرت گوارا ہی نہیں کرتی اور اریب کے ماں باپ مر گئے تو اس کو خاندان کی تو کوئی لڑکی ملی نہیں اس لئے اس نے بازار سے ہی لے کے انی تھی ناچنے گانے والی اور اب تم لوگ کہتے ہو کہ ہماری کوئی پھودی نہ لے کیوں نہ لیں بھئی کوئی جب تم ننگی ہو کے لوگوں کے سامنے اؤ گی لوگوں نے لینا نہیں ہے تمہارا سنجا,h
یہ قوم اپنی فطرت سے مجبور ہے۔,h
"قرآن پاک نے ان لوگوں کو دایوس کہا ہے مطلب کہ بغیرت مرد وہ لوگ جن کو اپنی ماں، بہن اور بیٹی کی عزت کا کوئی خیال نہیں اور سرعام اپنے گھر کی چار دیواری کو پامال کرتے ہیں اور یہ بغیرت بے حیائی کو نام دیتے ہیں فیملی وی لاگنگ کا لعنت ہو ان سب پر اللہ پال ہدایت نصیب کرے آمین",n
اگر ذرا سی بھی غیرت ہے نہ اس جوڑے میں تو ڈووووووب کے مر جائیں ,o
"سعد جب عوام الناس تمہیں انسبسکرئیب کر رہے تھے تو اس وقت میں وہ واحد بندہ تھا جس نے تمہیں سبسکرائب کیا، کیوں کہ مجھے اس سارے معاملے میں یقین تھا اور ہے کہ لوگوں کو اور باقی سارے پاکستانی یوٹیوبرز کو تمھاری کامیابی ہضم نہیں ہو رہی، حسد کرتے ہیں سب، تکلیف ہوتی ہے سب کو کہ سعد اتنا کما کیوں رہا ہے اور اتنا کامیاب یوٹیوبر کیوں ہے، الله کی عطا ہے بھائی، حسد کرنے والے حسد نہ کریں بلکہ محنت کریں سعد الرحمن الله پاک آپ کو مزید کامیابیاں عطا فرمائے، اور آخری بات اپنی ویڈیوز میں اپنی والدہ، اپنی اہلیہ کو لانا کوئی بری بات نہیں ہے، سعودی عرب کی سرزمین سے تمھارے لئے دل سے دعائیں کر رہا ہوں، الله تمہیں حاسدین کے حسد سے بچائے،",n
اور مجھے پتہ ہے جب اتنی بونڈ مروائی ہو سوشل میڈیا پر تو غیرت مر جاتی ہے اور تم لوگوں کی غیرت مر گئی ہے اور مجھے کوئی شوق بھی نہیں تم لوگوں کی غیرت جگانے کا لعنت ذلت تم لوگوں کا مقدر ہے لوگوں نے تمہیں گالیاں دینی ہی دینی ہے لعن طعن کرنا اس کو عزت نہیں کہتے کیونکہ تم دین اسلام معاشرے کو اچھا نہیں کر رہے تم لوگ گند پھیلا رہے ہو اس کو ذلت کہتے ہیں اس کو عزت دینا نہیں کہتے اللہ تعالی اس کو عزت دی ہے جو ناچتی ہے جو پیٹ دکھاتی ہے جس کے بوبز نظر اتے ہیں جس کا سینہ بوبس کے درمیان کی لکیر تک لوگوں نے دیکھ لی ہر چیز ہر چیز اسکین تم کو نہیں پتا کہ مرد ایک عورت کو کس نظر سے دیکھتا ہے جب یہ بنا دوپٹے سر پہ بھی نہیں لیا ہوتا سینے پہ بھی نہیں لیا ہوتا بال کھول کر اپنے چھوٹے چھوٹے بوبز کے اوپر سنی پلاس لگا کر مارکیٹ میں اجاتی ہے اور اپنی بونڈ مروانے تو تمہیں نہیں پتا مرد کس طرح بونڈ مارتے ہیں اس کو عزت کہتے ہیں نہیں اس کو ذلت کہتے ہیں ذلت شادی کے پہلے بہت ہی کمزور اور سکے سے تھے اب حرام کا کھا کھا کے تمہارے اوپر ماس چڑھ گیا ہے اریب ویسے اب تمہارے اندر حرام بول رہا ہے کہ میری بیوی کو کچھ نہ کہو اس نے بونڈ مروانی ہے لیکن تم لوگ کچھ نہ کہو کیونکہ تم اس کی بونڈ مروائی کا کھانا کھاتے ہو سے فحاش لوگوں کو سر بازار چونک میں لٹکا کر گولیاں مار دینی چاہیے کے ابو نے اپنی بیٹیوں کی تربیت ایک فحاش خاندان جیسی کی ہے جو ناچتی ہیں ڈانس کرتی ہیں مجرہ کرنے میں اگے اگے رہتی ہیں اس کو کہتے ہیں کنجروں کا خاندان تم لوگوں عزت داروں کے خاندان میں مت ملو کیونکہ عزت دار خاندان تم لوگوں نے ابھی دیکھے ہی نہیں ان لوگوں کے گھر میں بھی ائندہ جو اولاد نسل پیدا ہونی ہے وہ بھی ناچیں گے گائیں گے کسی کی بونڈ نظر ارہی ہوگی تو کسی کا سینہ نظر ارہا ہوگا کوئی نیچے سے ننگا ہوگا کوئی اوپر سے ننگا ہوگا کیونکہ کنجروں کے خاندان میں کنجر ہی پیدا ہوتے ہیں جو کہ تم لوگ ہو ۔,o
سٹارٹ میں نے بھی بڑے بڑے کو ایسے ہی روسٹ کیا اور اب خود وہی کام کر رہا جو اس ٹائم پے وہ کر رھے تھے ۔ اب یہ سٹارٹ ہوگیا ۔ لوگ دوسروں کو گرا تے ہیں اور بعد میں اُنہیں جیسی ویڈو بناتے ہیں ۔ کون کون کرتا ہے ؟؟؟؟؟؟؟؟,n
"رسول الله نے فرمایا تین آدمی ایسے ہیں جن پر اللہ نے جنت کو حرام کر دیا ہے دائمی شرابی، ماں باپ کا نافرمان اور دیوث جو اپنی فیملی میں بے حیائی برداشت کرتا ہے احمد دیوث اس بات کی پرواہ نہیں ہوتی کہ اس کے گھر کی عورتوں سے کون لوگ مل رہے ہیں اور کس طرح کے ماحول میں ان کا آنا جانا ہے، اللہ پاک قیامت کے دن دیوث کی طرف نہیں دیکھے گا نسائی دیوث کون ہے؟؟؟؟؟؟ جو مرد اپنی عورتوں کے بارے غفلت کا شکار ہیں ایسے مرد کچھ اور نہیں بس دیوث بے غیرت ہیں۔۔ جو شخص غیرت مند نہیں ہوتا وہ دیوث ہوتا ہے۔ شرعی اصطلاح میں دیوث اس شخص کو کہتے ہیں جو اپنے گھر میں بدکاری فحاشی اور غلط روش کودیکھتا ہے اور اپنی آنکھیں بند کرلیتا ہے ۔ایسے شخص کے متعلق فرمان نبوی ہے کہ وہ جنت میں نہیں جاسکے گا۔۔۔۔ حدیث رسول صلہ اللہ علیہ وسلم میں تین افراد پر جنت کا داخلہ ممنوع حرام قرار دیا گیا ہے۔۔۔۔ عَبْدُ اللَّهِ بْنُ عُمَرَ أَنَّ رَسُولَ اللَّهِ صَلَّى اللَّهُ عَلَيْهِ وَسَلَّمَ قَالَ ثَلَاثَةٌ قَدْ حَرَّمَ اللَّهُ عَلَيْهِمْ الْجَنَّةَ مُدْمِنُ الْخَمْرِ وَالْعَاقُّ وَالدَّيُّوثُ الَّذِي يُقِرُّ فِي أَهْلِهِ الْخَبَثَ حضرت عبداللہ بن عمر رضی اللہ عنہ سے مروی رسول اللہ صلہ اللہ علیہ وسلم نے فرمایا تین آدمی ایسے ہیں۔جن پر اللہ نے جنت کو حرام کر دیا ہے۔دائمی شرابی،ماں باپ کا نافرمان،اور دیوث جو اپنے بیوی بچوںمیں بے حیائ برداشت کرتا ہے اور آج ایسے بے۔۔۔۔۔۔۔۔۔۔فیس بک پہ عام ہیں ۔۔۔۔۔۔ مسند احمد ح اللہ مسلمان مردوں کو با غیرت مند مومن مسلمان بننے کی توفیق عنایت فرمائے۔ آمین یا رب العالمین۔۔",n
ڈکی آپکا خیال ہے کہ فلاں فلاں کو استعمال کر رہا ہے یا کرتا ہے لیکن میرا خیال ہے سعد بھائی آپکو سب ہی استعمال کر رہے ہیں ویوز لینے کے لیے,n
اس ابلیس کی اتنی پہنچ نہیں کہ ڈکی بھائ آپکو کچھ کہ سکے اس بڑا مادر چود آج تک میری نظروں سے نہیں گزرا کمینہ کسی پھٹے ہوے کنڈوم کا نتیجہ ہم آپکے ساتھ ہیں بس ایسے لوگ دھمکیاں دے سکتے اگر آپکو کچھ بھی ہوا نہ ہم نے اسکی بہن اور فروگی کو بھگا لے جانا ہے,o
ان کی تعلیمات صرف نفرت پر مبنی ہیں۔,h
"کراچی شاپنگ مال میں جو کچھ ڈکی نے شام ادریس کیساتھ کیا وہ انتہائی گھٹیا حرکت کی، ایسا نہیں کرنا چاہئیے تھا، شام نے اگر ایسی گھٹیا حرکت کی ہے تو انتہائی گھٹیا حرکت کی ہے",n
ڈکی بھائی اگر تم اس سے شادی نہ کرتے تو یہ بھی لکشمی کی گلیوں میں گھوم رہی ہوتی,h
یہ قوم صرف جھوٹ اور فریب جانتی ہے۔,h
میں یتیم ہوں بہنوں کا ساتھ ہے خدا کی قسم جھوٹ نہیں بول رہا میرے چینل کو سبسکرائب کر دیں آپ کا کچھ نہیں جائے گا مجھ غریب کا چولہا جلے گا اللہ آپ کو جزاء دے۔,n
یہ لوگ معاشرے کے لیے خطرہ ہیں۔,h
اسلام کے متعلق ہم کو معلومات لینی چاہیے کہ اسلام ہم کو کیا سبق دیتا ہے کس وقت اسلام نے ہم کو کیا حکم دیا ہے یہ سب ہم کو معلوم ہو اور وہ معلوم ہو گا دین کو سیکھ نے کے ساتھ,n
حرام کی کمائی سے یہاں پہنچ کر الحمد للہ کہہ رہے پاگل لوگ,o
بھوسری کا برا دکی بھائ بنتا ھے مادر چود تو کیسا پاکستانی ھے دلے اندین پاکستانیون کو گالیان دیتے رھے اور تو کس کا بچہ ایک ودیو بھی پاکستان کے حق مین نھین بنا سکا برے سر والا ب چ,o
تم لاھوری دلون کو زرا بھی پاکستان سے مھبت نھین دلو پیسہ کماوُ کس جے بچے,o
آپ کو واپس دیکھ کر بلکل خوشی نہیں ہوئی یعنی پھر سے وہی عروب ولاگنگ دیکھنی پڑے گی آپ پلیز کسی دوسرے پلنٹ پر جاکر کر ہم احسان کر دیں پلیززز,n
سب بیغیرت ہو تم لوگ ۔ بیویاں دیکھاو پیسے کماو,h
مجھے تو اس دن کا انتظار ہے جب ویڈیو بنا کر کہے کہ رات کو کرتے ہوۓ میرا ساتھی غبارہ فت گیا پھر اب ایک اور بھائ أنے والا ہے,n
یہ نسل کبھی قابل بھروسہ نہیں ہو سکتی۔,h
"ڈیڑھ گھنٹے کی ویڈیو میں ایک منٹ بھی ایسا نہیں جس کو میں نے اسکپ کیا ہوا ۔ سلامت رہو سعد بھائی ، غلطیاں انسان سے ہوتی رہتی ہیں سو جب غلطی کا احساس ہو تب معافی مانگ لینا ہی سب سے بڑی کامیابی ہے ۔۔آپ نے اس وقت بھی معافی مانگی اب بھی معافی مانگی، یہی آپ کا بڑا پن ہے۔",n
ان کے بچے بھی انتہا پسند ہوتے ہیں۔,h
میں ایک کتے کہیں کے کمینے کہیں سے پکاریں گے اقراء اور عرب کو روسٹ کرنا,o
یہ قوم کبھی ہماری جیسی نہیں بن سکتی۔,h
تم جیسے بے غیرت لوگ زبان چلانے میں تو ماہر ہوتے ہیں مگر کام کے وقت دم دبا کر بھاگ جاتے ہیں۔,o
تم جیسے یوٹیوبر فتنہ ہو ۔ نا اپنے بہن بیوی کی عزت ہے نا دوسروں کی ۔ تم لوگوں کو اللّٰہ کا زرا بھی خوف نہی اور لعنت ان سب پر جو تم جیسے جاہلوں کو اپنا آئیڈیل مانتے ہے,h
بھائی تگڑے رہو غدار ننگے ہوئے ہیں بس اللہ پاک آپ کو سلامت رکھے,h
اپ کو نہیں پتا اپ کو جو اپ کو جو دیکھ کے یہ کتنے لوگ زنا کا سوچتے ہیں بغیرت کتی,h
"تمھاری اوقات تو اتنی ہے کہ کوئی تمہیں گھاس بھی نہ ڈالے، پھر بھی اکڑ میں پھرتے ہو۔",o
"افسوس جس فراڈیے نے جعلی کورس سے عوام کو لوٹنے کی کوشش کی ، آج اسی شخص پر عوام نے پھر سے بھروسہ کر کےوقوف بن گئ۔ پاک عوام تم اسی قابل ہو",o
کیا بکواس ہے تم لوگوں ممی ڈیڈیوں کی لڑائیاں دیکھ لو لائک اور ھیٹ پر کوئی انسان بنو اور مردوں والی حرکتیں کیا کرو,o
اس دلے نے کاپی رائٹ لگا دینا ہے اس کی گانڈ جل جانی ہے,o
تمھاری اوقات بس اتنی ہے کہ تمہیں کوئی سنجیدگی سے نہ لے۔,o
جی ہم کرتے ہیں تنگ ہم ہیں حاجی بابا درویش کم از کم تین چار بندے جہنم میں جائیں گے اور اپ بھی جائیں گے اس کو پردہ کرواؤ یہ عمرہ کر کے ائی ہوئی ہے کوئی خدا کا خوف کرو بس کرو بے حیائی اب بند کر دو,o
یہ لوگ اپکی ترقی سے جیلس ہوتے ہیں انکا کام ہی یہی ہوتا ہے اگلے بندے پر تنقید کرنا انکی باتو کو ایک کان سے سنو دوسرے سے نکال دو اللہ اپ کے خاندان کو حسد کرنے والوں سے بچائے آمین,n
یہودی مذہب ہمیشہ نفرت اور تعصب سکھاتا ہے۔,h
اتنا ضمیر بک گیا نوٹوں کے سامنے کہ لوگوں نے پیش کر دی اپنی بہنیں لوگوں کے سامنے ہر دوسرے گھر میں دیکھنے کو ملتے ہیں ہمیں وہ کام جو کبھی ہوتے تھے کوٹوں کے سامنے,n
یہ گروہ ہمیشہ انتشار پھیلاتا ہے۔,h
اسلام وعلیکم اپنا مقام ایسا بناؤ کے لوگ آ پ کو فالو کریں وہ گرلز جو گھر بیٹھ کر آئن لائن ورک کرنا چاہتی ہیں اپنی فیملی کے لئے کچھ کرنا چاہتی ہیں تو وہ اپنا قیمتی وقت ضائع نہ کریں اور آ ج ہی ہمارے سسٹم کو جوائن کریں,n
"ہر وقت چیخ چیخ کر اپنی جہالت کا پرچار کرتے ہو، کوئی عقل بھی ہے یا بس منہ ہے؟",o
مختصر بات یہ ہے کہ تینوں نے ویوز لیکے اچھے خاصے ڈالرز کمائے,o
خاندانی عورتوں اور بازاری عورتوں میں فرق ہوتا ہے اور یہ فرق قرآن مجید میں کی ذات پاک نے بیان کیا ہے کہ پردہ کرو تاکہ پہچانی جاؤ اور ستائی نہ جاؤ پہچانی جاؤ مطلب پتہ چلے کہ تم باعزت عورت ہو تو باعزت اور خاندانی عورت کی پہچان ہے کہ وہ نمائش نہیں کرواتی یہ عجیب جاہل لوگ ہیں نمائش بھی خود کرواتے ہیں اور پھر ہراس بھی ہو جاتے ہیں حالانکہ خلاف ورزی کے حکم کی کر رہے ہیں اور پاک کا حکم ہے کہ اپنے گھروں میں ٹھہری رہو اور عروب کا بندہ خود اپنی بیوی کو دیکھا رہا باعزت لوگوں کے گھروں میں کوئی مہمان آئے تو اس کو بھی گیسٹ روم میں بیٹھاتے ہیں نہ بیٹ روم میں اور یہ جاہل لوگ خود اپنا بیٹ روم تک دنیا کو دیکھا رہے ہیں اور پھر آپ ہراس ہو جاتے ہیں,o
جٹ برادری کے افراد ہمیشہ جرم میں ملوث ہوتے ہیں۔,h
ایسے افراد کو ملک بدر کرنا چاہیے۔,h
ڈھکی تو تم خود کو بولتے ہو ہم تم کو ڈڈو بولتے ہیں اور ہے بھی ڈڈو لعنت ہے ان لوگوں کے اوپر جنوں نے تم جیسے تھرڈ کلاس بندے کو فالو کیاہوا ہے ویسے اچھا ہے کنجروں کے پاس اور کام ہی کرنے کو کیا ہوتا ہے,n
تیری بونگی باتیں سن کر لگتا ہے کہ انسانیت کا جنازہ نکل گیا۔,o
یہ دونو ں آپس میں ملے ہووے ہیں پھر سے پچھلے رمضان کی طرح یہ لوگو کو اپنی جعلی لڑائی سے محظوظ کریں گے اللہ ہم کو رمضان میں ان دونو شیطانو سے محفوظ رکھے امین,o
ایک بات توہے ہم نے اس ڈکی کی پرانی وڈیوز دیکھی ہیں اسکی زبان بہت غلیظ ترین بکتی ہے,h
دلہ برادر تو میرے سامنے آ تجھے کتا بنا کر ٹھوکو گا اور گانڈو شام بدنام تو ہمیشہ ڈکی سے جل جل کر بھونکتا رہیگا,n
جاہل کی حمایت اور سپورٹ جاہل ہی کرتا ہے ہم آپ کے ساتھ بالکل بھی نہیں ہے اگر بدلہ بھائی دودھ کا دھولا نہیں ہے تو بھی وہ آپ لوگوں سے بہت بہتر ہے,o
کچھ لوگوں کو مسئلہ یہ نئی ہوتا کہ لڑکی اتنی ترقی کیوں کر رہی ہے بلکہ لڑکی کی ترقی تو بہت فخر کی بات ہے۔لیکن غصہ تب اتا ہے جب نجائز طریقے سے ترقی کی جائے ۔یہ بات تو آپ کو بی پتہ ہے کے اسلام میں عورتوں پر پردہ واجب ہے ۔لیکن آپ کے سر پر آج تک دوبٹہ نئی دیکھا ۔اسلام میں موزیک حرام ہے لیکن آپ کو اس سے بی فرق نئی پرتا۔اور بی ایسی بہت سی چیزیں ہے۔اب مجھے یہ بتائے کے ایسی ترقی کا کیا فائدہ ؟؟ یاد رکھے کے یہ صرف دنیاوی ہے۔ہم جو کچھ بی دیکھتے ہیں اس کا عصر ہمارے اوپر بہت گہرا ہوتا ہے سوائے آن کے جن کے ضمیر بہت مضبوط ہوتے ہیں ۔اگر ایک بچی جس کا زیہن ابی کمزور ہو یا وہ اتنی عقل نہ رکھتی ہو۔ تو اسے یہ سب بہت اچھا لگے گا اس کا بی دل کرے گا کے وہ بی اپنے بال کھول لے ۔پینٹ شرٹ پہنے ماڈرن ڈریسنگ کرے ۔یہ بات مان لیں کے خوبصورتی اسے نہیں بولتے ۔خوبصورتی اس لڑکی میں ہوتی ہے جس میں حیاء ہوتی ہے۔ہر لڑکی کو پتہ ہونا چاہیے کے پردہ کتنا ضروری ہے۔نماز کتنی ضروری ہے۔آج تک میں نے انکو نماز پرھتے نئی دیکھا ۔ کسی کو بی۔یہاں تک کے رمضان میں بی۔ایسے روزے کا بی کیا فائدہ ۔بس مسئلہ یہ ہے۔,n
سعد اس کتے کے پِلے کی کوئی اوقات نہیں تُجھ پر ہاتھ ڈالے ۔۔۔ ڈونٹ وری ۔۔ یہ اور وہ گشتی تیرا بال بانکا نہیں کر سکتے ۔۔۔ انکے خلاف ہم سب تیرے ساتھ ہیں ۔۔۔,n
خاندانی عورتوں اور بازاری عورتوں میں فرق ہوتا ہے اور یہ فرق قرآن مجید میں کی ذات پاک نے بیان کیا ہے کہ پردہ کرو تاکہ پہچانی جاؤ اور ستائی نہ جاؤ پہچانی جاؤ مطلب پتہ چلے کہ تم باعزت عورت ہو تو باعزت عورت کی پہچان ہے کہ وہ نمائش نہیں کرواتی یہ عجیب جاہل لوگ ہیں نمائش بھی خود کرواتے ہیں اور پھر ہراس بھی ہو جاتے ہیں حالانکہ خلاف ورزی کے حکم کی کر رہے ہیں,h
"محبت کی لازوال داستانوں میں لیلی مجنوں ہیر رانجھا سسی پنوں کو ہمیشہ کےلئے سہر فہرست رکھا جاتا ہے جاتی دنیا تک لوگ ان کی داستانوں کو کبھی نہیں بھولیں گے ہوسکتا ہے اس سے زیادہ محبت کرنے والے لوگ دنیا کے نظروں سے اوجھل ان سے زیادہ پیار کر چکے ہوں مگر تاریخ نے ان کو نہ دیکھا ہو محبت کی درد کو وہ لوگ سمجھتے ہیں جنہوں نے زندگی میں کبھی خود مجازی عشق کا پیالہ پیا ہو لوگ سچ کہتے ہیں کہ محبت کی کوئی سرحدیں نہیں ہوتیں یہ بات اس سے پہلے شعیب ملک ثانیہ مرزا اور حسن علی ثابت کر چکے ہیں نہیں تو لگنے میں دو دشمن ملک اپنے لوگوں کو کیسے اجازت دے سکتے ہیں کہ ایک دوسرے سے شادی کریں بس پیار کے سامنے سب بے بس ہیں اور کوئی کچھ نہیں کرسکتا کیونکہ انسان اپنے بس سے بھی باہر ہوتا ہے آج کی محبت کی کہانی ہمیں پاکستان کےصوبہ پنجاب سے تعلق رکھنے والے شہروز نامی لڑکے کی ملی ہیں جنہوں نے نام نہ بتانے اور فرضی نام سے اپنی کہانی آپ کے ساتھ شئیر کرنے کی استدعا کی ہے جسے ہم نے قبول کیا یہ کی بات ہے جب انٹرنیٹ کے ذریعے شہروز اور مسکان کا رابطہ ہوا دونوں کافی خوبصورت اور اچھے گھرانوں سے تعلق رکھتے تھے شہروز پاکستان میں ایک نجی یونیورسٹی میں کا طالبعلم تھااور دوسری جانب اتفاقاً مسکان بھی بھارت کی ایک بڑی یونیورسٹی میں ڈاکٹر بن رہی تھی دونوں کی بات چیت پڑھائی کے علاوہ پاکستان اور بھارت کے درمیان کشیدگی پر بھی ہوتی تھی مسکان خود کو وہاں قدرے غیر محفوظ سمجھتی تھی اس لئے وہ اپنا زیادہ تر وقت پڑھائی کے بعدشہروز کو دیتی تھی وہ ایک دوسرے کو کافی اچھا دوست سمجھتے تھے اس لئے ان کے درمیان سیاست مذہب اور حالات کے میں بارے اچھی گفتگو ہوتی رہتی تھی مسکان اور شہروز کا رابطہ انسٹاگرام کے ذریعے ہوتا تھا اس لے علاوہ وہ کوئی سوشل ایپ استعمال نہیں کرتے تھے آئی سی سی چمپئن ٹرافی کے فائنل میچ کو دونوں نے کافی انجوائے کیا آئی سی سی چمپئن ٹرافی فائنل میچ کےلئے دونوں نے ایک عجیب شرط رکھی جو شائد دونوں کےلئے کافی خطرناک بھی تھا شہروز نے اس دفعہ ہر حال پاکستان جیتے گا کا نعرہ لگایا دوسری جانب مسکان کا نعرہ تھا کہ ہر بار کی طرح بھارت،مسکان نےیہ خطرناک شرط رکھی کہ پاکستان کے جیتنے کی صورت میں وہ شہروز سے ہر قسم کا رابطہ ختم کردے گا اور وہ ایک دوسرے کو بلاک کردیں گے شہروز نے اس شرط کو اس لئے قبول کیا کیونکہ اسے بھی یقین تھا کہ پاکستان جیت نہیں سکتااور دوسری جانب مسکان نے بھی شرط کافی اعتماد کے ساتھ شرط رکھی کہ جیتنا تو بھارت نے ہے اس لئے ہمارا رابطہ ختم نہیں ہوسکتا مگر قدرت کو کچھ اور ہی منظور تھاآپ لوگ اس کہانی کےدوران اُس نوبال کو ضرور یاد کر رہے ہونگے جب فخر زمان آوٹ ہونے سے بال بال بچ گئے تھے فخر زمان کی سنچری کی وجہ نتیجہ کچھ لوگوں کے توقع کے برعکس آیا مگر یہ نتیجہ کچھ لوگوں کےلئے تکلیف دہ تھی شہروز اور مسکان نے وعدہ ۔۔۔۔۔۔۔ مکمل قسط سننے کےلئے لنک پر کلک کریں",h
پاکستانی دنیا کے جس شعبے میں بھی ہوں ایک دوسرے کو آگے بڑھتا نیہں دیکھ سکتے اسی طرح کے کتیاپے کرتے کرتے ذلت ان کا نصیب ٹھرتی ہے,n
عزت اور ذلت اللہ کے ہاتھ میں ہے۔ جب تک اللہ نہ چاہے شام کبھی بھی عزت حاصل نہیں کر سکتا۔ سوائے اسکے کہ وہ اللہ سے رجوع کرلے۔ اور سب چرایا ہوا,n
میں تو اس وقت کا انتظار کر رہا ہوں جب شام ادریس کل شام اسلام آباد میں ہونے والے میٹ اینڈ گریٹ کو کینسل کرنے کا اعلان کرے گا,n
ان کے بچے بھی نفرت میں پلے ہیں۔,h
تمھاری اوقات بس یہی ہے کہ دوسروں کے ٹکڑوں پر پلتے رہو۔,o
ڈکی بھائی شاہ میر عباس کی نئی ویڈیو ائی ہے شام ادریس کی سپورٹ میں اب شاہ میر نامی کھسرے کو جواب دینے کا وقت آگیا ہے,n
تمھاری عقل دیکھ کر لگتا ہے قدرت نے تم پر خاص رحم نہیں کیا۔,o
تمھاری حرکتیں دیکھ کر لگتا ہے کہ تمہیں بچپن میں دماغ کی ضرورت ہی محسوس نہیں ہوئی۔,o
ان کی وجہ سے ملک میں بدامنی ہے۔,h
بد قسمتی سے یہاں آنلائن تھوکنے کا کوئی بھی آپشن موجود نہیں,o
یہودی قوم کے افراد جھوٹے اور مکار ہیں۔,h
 نیم کا پتہ کڑوا ہے ڈکی ایک نمبر کا بڑوآ ہے,h
اج کل کے دشمن دوست سے بہتر ہیں جن کی دشمنی اور نقصان کا خیال رہتا ہے,h
اتنی گندی حرکتیں کر کے بھی تمھیں شرم نہیں آتی؟ افسوس ہے تم پر۔,o
"ہم ہیں ریئل ڈکی بھائی آرمی کل بھی آپ کے ساتھ تھے، آج بھی ہیں اور ہمیشہ رہیں گے ہر صورتحال میں آپ کا ساتھ دیں گے، چاہے کچھ بھی ہو",n
ایسی کی تیسی شام کی ۔فیملی کی عزت ہے اور رہے گی۔ کوئی فیملی کی بے عزتی نہی ہو گی ۔,h
بات مختصر ہے بھائی اپنی ماں بہن بیوی کو لوگوں کے سامنے مذاق بنا کر اور عزت داؤ پر لگانا حرام ہے معاشرے میں اس انسان کو ایسے ہی القابات سے نوازا جاتا ہے اتنی صفائیاں پیش کرنے کا کوئی فائدہ نہیں۔,n
"اپنی ناکامیوں کا ماتم کرتے رہو، دنیا آگے بڑھ چکی ہے۔",o
السلام علیکم ڈکی بھائی ہم سب آپ کے ساتھ کھڑے ہیں جو مرضی ہو جائے مرتے دم تک آپ کا ساتھ نہیں چھوڑیں گے کیونکہ میں یہ بات اس لیے نہیں کر رہا کے آپ بہت اچھی ویڈیو بناتے ہو بلکہ اس لئے کر رہا ہوں کہ آپ بہت اچھے انسان ہو جو جو دکی بھائی کو ویڈیوز کے علاوہ ان کی انسانیت کو اچھا جانتا ہے وہ اس کمنٹ کو ضرور لائک کریں,n
ہماری عوام بہت سیدھی اور سادی ہے جنہیں دوسرے لوگ خود کے فائدے کے لیے استعمال کر لیتے ہیں,o
تم کچھ بھی کہو لیکن اپنی بیوی کو شریف نا وہ کسی جگہ سے بھی شریف نہیں دکھتی۔ تم سے پہلے اور تمہارے علاوہ کئی ہونگے اسکے گاہک۔ ا,n
یار ڈگی اتنا فارغ کون ھے آپ کی بکوس سنے اور تم باتیں کیسی کرتے ھو یار یہ بکوس باتیں کیوں کرتے ھو صرف اور صرف پیسے بس پیسے وہ تو آپ کا پیٹ برتا نہیں ڈگی,o
ہندو قوم کو جڑ سے اکھاڑ پھینکنا چاہیے۔,h
مجھے بہت مزہ آیا آپ جو لوگوں کو جواب دیا ہاں آپ کے گیلے بالوں والی ویڈیو پر لوگوں کے کومنٹس پر غصہ آیا گیلے بالوں کا مطلب صرف وہی تو نہیں ہوتا حد لوگوں کی سوچ پر,o
مورو اور ڈکی نہایت گھٹیا انسان نکلے ہے شام پاکستان کا مہمان ہے اتنا ڈکی بھائی رہتا نہیں کے شام اسے ملنے کے لیے اتنا ترس رہا کوئی سٹوڑی بنی نہیں ڈکی ڈکی کی وجہ سے شام کو انفالو کیا تھا اب ڈکی کی وجہ سے شام کو فالو کرنے لگا ہو,o
اسلاموعلیکم سعد بھاٸ لو یو آپ اس چمپو کی دھمکی سے مت ڈریں ممی ڈیڈی لوگوں کا اپ کو پتا تو ہوتا ہے کیسے ہوتے ہیں اس گندے نالے کے کیڑے زکوۃ ادریس کے خلاف ڈٹے رہو اور لاہوری باندری کے بھی خلاف ایک ویڈیو بناٶ وہ بھی پیسے کی خاطر اپنا ضمیر بیچ رہا ہے یہ دونوں گندی نالےکے کیڑے ہیں ہم اپ کے ساتھ ہیں لو یو,h
ان کے بچے بھی نفرت کی آگ میں پلے ہیں۔,h
تم سب ایک ہی تھالی کے چٹے بٹے ہو۔۔۔جن کی سائیکل خریدنے کی اوقات نہیں اللہ پاک نے کروڑوں اربوں کا مالک بنا دیا۔ تھوڑے میں زیادہ پڑگیا اب سنبھالا نہیں جارہا۔,h
پیسہ انسان کو کیا سے کیا بنا دیتا ھے بیوی ھو ماں ھو یا سبسکرائبرز ھوں جھوٹ اور منافقت بے غیرت سب,o
میں بھی پہلے اس دیکھتی تھی اب مجھے اچھی نہیں لگتی,h
اقرا آپ کے لیے اور سب یو ٹیو بر کے نام ۔ زندگی تما شہ بنی دنیا دا ہا سہ بنی ۔کسی وقت میری یہ بات آپکو سچ لگے گی,n
ڈکے بھائی اپ کو لوگوں نے ان سبسکرائب کیا مجھے بہت دکھ ہوا وہی لوگ اپ کو دوبارہ سبسکرایب کریں گے ان لوگوں کو اپ کی اصلیت کے بارے میں نہیں پتا اپ کتنی اچھے انسان ہیں,n
"دماغ سے خالی انسان ہو تم، ہر وقت فضول بکواس کرتے رہتے ہو۔",o
السلام علیکم بھائی کیا حال ہے آپ کا سب خیریت سے ہے بھائی میں نے ابلیس کے لئے ایک ٹرک ایجاد کی ہے جو یوٹیوب پر اس کی جتنی ویڈیو بھی آپ دیکھو اس میں ایڈ نہیں آئے گا اگر آپ کو آپ میرے کو رابطہ کر میرے سے,n
یہ بات تو ماننے کی ہے کہ جب سے ڈکی کی شادی ہوئی ہے لوگ عروب کی وجہ سے ڈکی کے ویلاگ زیادہ دیکھتے ہیں لوگ ڈکی سے زیادہ عروب کو دیکھتے ہیں,n
تم جیسے لوگوں کی وجہ سے ہی دنیا میں نفرت پھیلتی ہے۔,o
ڈکی بھائی اس کی پہن نوں۔۔۔۔۔۔۔کردو یہ بے غیرت سے بندے ہیں ۔,o
آپ بی اپنا کام اچھا کرو ۔ ہر وقت دوسرے کی عزت اڑاتے ہو بس۔,o
ویسے کتنے بغیرت اور بے واکوف لوگ ہے ہم بس یوں یوٹیوب پے ان لوگوں کے پری پلان ویدیوز دیکھتے رہتے ہیں اور خود دو ٹکے کے نہیں,n
اسکا نمبر سینڈ کر سکتے ہو تو کردو۔اسکی ایسی پھاڑوں گا یہ زندگی میں کبھی بھی کسی کو دھمکی تو کیا سامنے آنے سے بھی ڈرے گا۔سالا میری قوم کو دھمکی دیتا ہے وہ ہمارے ہوتے ہوے۔یار شرم سے ڈوب مرنے والی بات ہے۔ڈکی۔میں تمہارا سبسکرائبر بلکل بھی نہیں ہوں نہ ہی مجھے کوئی شہرت کی ضرورت ہے۔الحمد للہ۔میں اپنی ہر ضرورت اپنی محنت سے پوری کر سکتا ہوں اور کر رہا ہوں۔میں اس پلیٹ فارم پر آنا چاہتا تھا لیکن جو یہ دھندہ یہاں شروع ہے اس سے تھوڑا ۔۔۔۔۔۔۔۔برا لگ رہا ہے۔چلو خیر۔اگر میری کسی بھی قسم کی ہیلپ کی ضرورت ہوئی تو پکا یاد کرنا باقی اسکی ایسی ٹھکائی کرونگا۔زندگی بھر یاد رکھے گا,n
اے اللہ ھم سب کو اپنے والدین کو حج کروانے کی توفیق عطا فرمائے آمین اور ہم جیسے چھوٹے یوٹیوبر کو ترقی عطا فرمائے,n
سعد بھائی میں لاہور سے ہوں جب بھی لاہور آئیں پلیز مجھ سے ضرور ملئیے گا۔ میں نے آج ہی آپ کا چینل سبسکرائب کیا ہے۔ لو یو برو,n
"میں نے اس شخص کی یہ پہلی ویڈیو دیکھی ، یقین جانیں اتنا سنس ایبل آدمی ہے یہ بندہ اور لوگ پتہ نہیں ان کے بارے میں کیا کہہ رہے تھے ۔ میں نے یہ ویڈیو جنید اکرم کی وجہ کی وجہ سے دیکھی ۔ بیڈ لک فار می کہ آج تک میں اس بندے سے نا اشنا رہا ۔",n
تمھاری حرکتیں دیکھ کر کوئی بھی انسان شرم سے زمین میں گڑ جائے۔,o
"ہر بات میں اپنی عقل کے چراغ بجھانے والے، تمہیں شرم بھی نہیں آتی اتنی فضول بکواس کرتے ہو۔",o
"سب بغیرت ہو اپنی ماں ،بہن، بیوی کو پیش کرتے ہو",h
تمھاری زبان کاٹنی چاہیے تاکہ مزید فضول بکواس نہ سننی پڑے۔,o
تمھاری حرکتیں دیکھ کر بندہ حیران ہوتا ہے کہ تم اب تک زندہ کیسے ہو۔,o
بندہ کوئی آرزو کوئی خواہش کوئی داستان کے کوئی امید لے کر آپ سے ملنے دو سو کلومیٹر کا سفر طے کر کے آئے اور تین تین گھنٹے تک آپ کا انتظار کرے اور آپ اس سے ملاقات تک نہ کریں کوئی آپ کی گاڑی کے بونٹ پر کوئی چیز چھوڑ جائے اور ناامیدی اور شکستہ دل کے ساتھ واپس لوٹ جائے تو خدا کی ذات تو موجود ہے وہ آزماتا ہے کسی کو دے کر اور کسی سے لے کر ۔۔,n
ان کے ہر عمل سے تعصب ٹپکتا ہے۔,h
ایسے لوگوں کے لیے ملک میں کوئی جگہ نہیں۔,h
پہلی بات تو میری اریب نہ مرد سے ہے اگر لوگ تم لوگوں کے چینل کو نہ دیکھیں تو تم لوگوں کی اوقات دو ٹکے کی بھی نہ رہے اور دوسری بات اگر تمہاری بیوی شلوار اتار کر اپنی بونڈ دے گی سب کو تو لوگوں نے لینی ہے اس میں چمچہ اور ڈونگا لے کے کھڑکا والی کون سی بات ہے تم اپنی بیوی کو اتنا ہی عزت دار سمجھتے ہو تو اس کو پردے میں مارکیٹ میں اس کی بونڈ دینے کے لیے کیوں بھیج دیتے ہو لوگوں نے تو پھر اس کی برجانی ہی بجانی ہے تیسری بات تمہارے گھر میں کمانے والا مرد ہے کون اقراء کماتی ہے وہ کتے کی طرح تمہیں بوٹی ڈال دیتی ہے اور تم بھونکنا شروع ہو جاتے ہو اس کے ساتھ مل کے سمجھ میں ائی اپنی نہ تم لوگ اوقات میں رہ کے بات کرو جب مارکیٹ میں اپنی بونڈ دینے کے لئے اقراء اتی ہے تو لوگ لیتے ہیں کوئی زیادہ لے لیتے ہیں کوئی کم لیتے لے لیتا ہے اگر عزت دار ہوتے تو اپنی بیوی کو گھر میں رکھتے اور کماتے سمجھ میں ائی دوسروں کو بات کرنے سے پہلے نہ اپنی چارپائی کے نیچے سوٹا مار کے دیکھ لو کتنا گند ہے وہ سیانے کہتے ہیں کہ گند میں پتھر پھینکنے سے چھینٹے اپنے اوپر ہی اتے ہیں تم لوگوں کا بھی وہی حساب ہے تم وہ گند ھو جس کے چھینٹے معاشرے میں پڑ رہے ہیں جس کی وجہ سے بہت سارے لوگ بیٹی سے نفرت کرتے ہیں کہ بیٹی بڑی ہو کر گند ہی پھیلائے گی حالانکہ تم جیسی گندی عورتوں نے معاشرے کو گندا کیا ہوا ہے ایسے نام مردوں کی وجہ سے جو کماتے نہیں عورت کو بازار میں بیچ کر کہتے ہو کہ اس کی کوئی بونڈ نہ مارے اس کی کوئی پھودی نہ مارے شرم نہیں اتی تم اور پھر کہتے ہو کہ لوگ ہماری عزت کریں عزت کی نظر سے تم لوگوں کو دیکھا جائے تم لوگوں نے کیا نہیں کیا تمہاری بیوی کا پیٹ نظر ایا شادی والے ویڈیو میں اس کی برا نظر ائی اس کے بوبز بھی نظر ائے پیٹ سارا کمر سائی نظر ائی یہ عزت دار لوگوں کی شادیاں تھی بتاؤ تم لوگوں کے کام عزت داروں والے ہیں تمہاری بیوی کے جو بوبس ہیں کتنے چوٹے ہیں سارا سینا سامنے سے نظر اتا ہے اس کی بونڈ کے اوپر کوئی ماس بوٹی نہیں سوشل میڈیا پر لوگ تم لوگوں کو گالیاں سچ میں دیتے ہیں کیونکہ تم لوگ ڈیزرو کرتے ہو وہ گلیاں اور جو مرد عورت کی کمائی پہ پلتا ہو اس کو مرد کہنا ایک گالی ہے,h
اس کا نہ باپ ہے اور نہ ماں ہے کھسرا ہے شام,h
ان کے وجود سے زمین پاک کرنی چاہیے۔,h
دماغ کا ستیاناس کر کے تم نے بات کرنے کی تمیز بھی کھو دی ہے۔,o
بھائی جان شامیر کی بات ہی نا کریں۔۔۔۔وہ تو ہے ہی ضمیر فروش انسان,h
اریب بھائی صرف اپ ڑ ہنہ بولا کریں اور بس سب ٹھیک ہے اور یہ جو اپ نے اپنی اج نیوز سنائی بہت اچھی لگی اپ کے نیوز سب ہی نیوز اپ کی بہت اچھی تھی اور اپ نے بہت لمبی نیوز ہمیں سنائی تو اس کے اس کا مطلب کہ ہمیں بھی اپ کو نیوز اچھی سی اور لمبی سنانے چاہیے اس وجہ سے میں اپ کو نیوز سنا رہی ہوں,n
ایسے افراد سے ہوشیار رہنا چاہیے۔,h
یہوی نسل کے لوگ کبھی وفادار نہیں ہو سکتے۔,h
محنت کم نہیں کر سکتے لتر لتر زبان چلا کر اس کی کمائی کھا رہے ہیں ۔ اریب تو ویسے خاوند کم ملازم ذیادہ لگتا ہے ۔جلد سوشل میڈیا ڈالر دینا بند کر رہا ہے ۔روز رات کو اگلے دن کی ڈرامہ بازی سوچ کر سونے کی کوشش کرتے ہیں لیکن نیند پھر نہیں آتی ۔سارا ٹبر چڑیلوں کے کردار والی ہے ۔۔۔,n
"انسان دوسروں کی غلطیوں پر تنقید تو کرتا ہے لیکن اپنی غلطیاں کیوں نہیں مانتا؟ اس کی کئی نفسیاتی اور سماجی وجوہات ہو سکتی ہیں خود کو درست سمجھنے کا رجحان انسان کا ذہن اپنی غلطیوں کو نظرانداز کرنے اور جواز دینے کا عادی ہوتا ہے۔ جب وہی غلطی دوسرا کرے تو وہ اسے واضح طور پر دیکھ لیتا ہے، لیکن اپنی غلطیوں کو نظرانداز کر دیتا ہے۔ ایگو اور انا اپنی غلطی ماننا اکثر انا کے خلاف ہوتا ہے، کیونکہ اس سے خود کو کمزور محسوس ہو سکتا ہے۔ اس لیے لوگ دوسروں پر تنقید کر کے اپنی برتری ثابت کرنے کی کوشش کرتے ہیں۔ دفاعی رویہ بہت سے لوگ اپنی غلطی تسلیم کرنے کو اپنی کمزوری سمجھتے ہیں، اس لیے وہ فوراً دفاعی رویہ اختیار کر لیتے ہیں اور بجائے اپنی غلطی قبول کرنے کے، دوسروں کی غلطیاں تلاش کرنے لگتے ہیں۔ دوسروں پر توجہ دینے کی عادت لوگ عموماً اپنی زندگی اور رویوں کا تجزیہ کم کرتے ہیں اور دوسروں پر زیادہ توجہ دیتے ہیں، جس کی وجہ سے انہیں اپنی غلطیاں نظر نہیں آتیں۔ خود کو بہتر محسوس کرنا کچھ لوگ دوسروں کی غلطیوں پر تنقید کر کے خود کو بہتر محسوس کرتے ہیں۔ انہیں ایسا لگتا ہے کہ وہ زیادہ عقل مند یا نیک ہیں، جبکہ دوسرے غلطیاں کرتے ہیں۔ نفسیاتی اندھا پن انسانی دماغ بعض اوقات اپنی ہی خامیوں کو نظرانداز کر دیتا ہے۔ یہ ایک نفسیاتی کیفیت ہے جس میں انسان خود پر تنقید کرنے کے بجائے دوسروں کی خامیوں کو دیکھنے لگتا ہے۔ منافقت اور دوہرے معیار کچھ لوگ دوسروں پر سختی سے تنقید کرتے ہیں لیکن جب وہی عمل خود کرتے ہیں تو اسے غلط نہیں سمجھتے۔ یہ دوہرے معیار کی نشانی ہے۔ اس کا حل کیا ہے؟ خوداحتسابی روزانہ خود سے سوال کریں کہ کیا میں بھی وہی غلطی کر رہا ہوں جس پر میں دوسروں کو تنقید کا نشانہ بنا رہا ہوں؟ تنقید کے بجائے رہنمائی کریں بجائے دوسروں کو نیچا دکھانے کے، ان کی بہتری میں مدد کریں۔ دوسروں کو معاف کرنا سیکھیں اگر ہم دوسروں کو غلطیوں پر معاف کریں تو ہم اپنی غلطیوں کو بھی بہتر طور پر دیکھ سکیں گے۔ کھلی ذہنیت اپنائیں دوسروں کی رائے سننے اور اپنی غلطیوں کو قبول کرنے کا حوصلہ رکھیں۔ اگر انسان خود کو بہتر بنانے پر توجہ دے اور اپنی غلطیوں کو تسلیم کرے، تو وہ نہ صرف ایک اچھا انسان بن سکتا ہے بلکہ دوسروں کو بھی مثبت انداز میں سیکھنے کا موقع دے سکتا ہے۔",n
میں آپ کا بہت بڑا فین ھوں جب بھی آپ کوئی وڈیو بناتے ھیں میں گالی دینے ضرور آتا ھوں ایسے انسان کی قدر کریں کیونکہ ایسے لوگ باپ کی وفات کے چار سال بعد پیدا ہوتے ہیں,h
سب لوگ دعا کرو اللہ تعالیٰ مجھے اس محرم الحرام کے مہینے کے صدقے اللہ تعالیٰ مجھے اولاد کی نعمت سے نوازا دے آمین سب لوگ آمین بول دے,n
یہودی قوم کبھی ترقی نہیں کر سکتی۔,h
گرتے ہیں شہسوار میدانِ جنگ میں وہ طفل کیا گرے جو گھٹنوں کے بل چلے آپ حوصلہ مند انسان ہو اور عاجز ہو۔ اللہ کا شاید یہی بات پسند ہو آپ کی۔ اپنا کام جاری رکھو اور ایسے کمینے لوگوں سے دور رہو۔ ہماری دعائیں آپ کے ساتھ ہیں۔,n
اس کا کوئی حق نہں بنتا کہ اس کو سبسکرائبر ملیں لیکن پھیر بھی اس کو سبسکرائبر مل گئے,o
یار شام تو بہت گھٹیا بندہ ہے میں نے اسے اسی دن انسبسکرائیب کر دیا تھا جس دن ڈکی نے پہلی ویڈیو اپلوڈ کی تھی ۔۔,n
او شاپر لوڑے شاہ ۔۔بندہ گھر پہ بیٹھ کر وہ لاگ دیکھ رہا ہوتا ہے اور تم پھدی کے بکواس کرتے ہو اس کا مطلب ہے تیرا ویلاگ نہ دیکھا کریں پھر مہینے بعد لن لینا ڈالرز نی آئیں گے,o
"ناپاک عورتیں ناپاک مرد کے لئے ہیں۔ اور ناپاک مرد ناپاک عورتوں کے لئے ہیں۔ اور پاک مرد پاک عورتوں کے لئے ہیں، اور پاک عورتیں پاک مردوں کے لئے۔",n
وہ اِنسان کبھی کوئی رِشتہ قائم نہیں رکھ سکتا جو غلط فہمی میں پیدا ہونے والے سوالوں کے جواب بھی خُود ہی بنا لیتا ہے,n
"ہر سکے کے دو رخ ہوتے ہیں، اور میں اسے پورے دل سے قبول کرتا ہوں ڈکی سے ملاقات کے بعد، میں نے دریافت کیا ہے کہ کیا ناقابل یقین ہے۔",n
"یوٹیوب پر ڈرامے بازی عوام کی آنکھیں کب کھلیں گی؟ آج کل یوٹیوب کا نیا ٹرینڈ یہی ہے کہ ایک یوٹیوبر دوسرے پر الزامات لگائے، اس کی ذاتی زندگی کو نشانہ بنائے، اور پھر جواب میں دوسرا یوٹیوبر بھی ویسی ہی ویڈیو بنا کر مزید تماشہ کھڑا کر دے۔ یہ کوئی اتفاق نہیں بلکہ ایک سوچا سمجھا منصوبہ ہوتا ہے، جس کا مقصد صرف اور صرف ویوز اور ڈالر کمانا ہے۔ شامی ادریس، ڈکی بھائی، ندیم نانی والا اور دیگر یوٹیوبرز کی یہ حالیہ جنگ بھی اسی مقصد کے تحت جاری ہے۔ یہ لوگ عوام کے جذبات سے کھیلتے ہیں، ان کی معصومیت کا فائدہ اٹھاتے ہیں اور ایک ایسی مصنوعی دشمنی پیدا کرتے ہیں جس کا حقیقت سے کوئی تعلق نہیں ہوتا۔ جیسے ہی کوئی نیا اسکینڈل بنتا ہے، سوشل میڈیا پر آگ لگ جاتی ہے، اور لوگ تجسس میں ان کی ویڈیوز پر ٹوٹ پڑتے ہیں۔ نتیجہ؟ ان کے بینک اکاؤنٹس میں ڈالرز کی بارش ہونے لگتی ہے اور عوام کو کچھ نہیں ملتا، سوائے وقت کے ضیاع اور ذہنی خلفشار کے۔ یہ ٹرینڈز ہمیں ٹک ٹاک پر بھی دیکھنے کو ملے، جہاں لوگ مشہور ہونے کے لیے کسی بھی حد تک جا سکتے ہیں۔ یہی حال یوٹیوب پر بھی ہو رہا ہے۔ کچھ سال پہلے یوٹیوبرز معلوماتی اور تفریحی مواد دیا کرتے تھے، لیکن اب زیادہ تر کا ہدف صرف سنسنی خیزی اور جھوٹے الزامات کے ذریعے وائرل ہونا رہ گیا ہے۔ عوام کو اب آنکھیں کھولنے کی ضرورت ہے ہر وہ مواد جو بلاوجہ کی دشمنی، ذاتی حملوں، اور الزامات پر مبنی ہو، اسے نظر انداز کیا جائے۔ یاد رکھیں، یہ لوگ نہ آپ کے دوست ہیں، نہ آپ کے خیر خواہ۔ یہ صرف اور صرف پیسہ کمانے کی مشینیں ہیں، اور جتنا آپ ان کے ڈرامے دیکھیں گے، اتنا ہی یہ آپ کو مزید بے وقوف بناتے جائیں گے۔ لہٰذا، ان کا تماشا صرف انٹرٹینمنٹ کے طور پر دیکھیں، لیکن اسے حقیقت نہ سمجھیں۔ اگر آپ کو معیاری مواد چاہیے تو ایسے یوٹیوبرز کو سپورٹ کریں جو واقعی کچھ نیا سکھانے، بتانے یا تفریح فراہم کرنے آئے ہیں، نہ کہ صرف چیخنے چلانے اور جھوٹے جھگڑوں سے ویوز بٹورنے۔ ورنہ آپ بھی اسی ڈرامے کا حصہ بن جائیں گے، جہاں صرف یوٹیوبرز کا فائدہ ہے، اور عوام کا صرف وقت برباد ہو رہا ہے۔ یاسر وزیر",n
یہودی نسل کے لوگ صرف فساد برپا کرتے ہیں۔,h
ان کا معاشرہ انتہا پسندوں سے بھرا ہوا ہے۔,h
ڈکی بھائی تم اپنا بیوی کو ہیرا منڈی لے کے جائے کیوں کہ سب سے ب تم ہو ب کے بچے,o
آپ نے تو شام کی ابلیس کو ایسے پکڑا ہے جیسے نیب والوں نے نوازشریف کو,o
سعد بھائی کیا ہوا مدد نہیں نکالا گیا میں بھی کیوں نہیں ابھی تک ایا مجھے لگتا ہے اپ اس کو پڑھنے کی جگہ پے رہو,n
"شکل ، آواز ٹون ، اور بدتمیز گفتگو سے شریف تو آپ بالکل بھی نظر نہیں آتے",o
عوام کو چوٹیاں بنایا ہوا ہے پتہ نہیں کس کام میں لگا دیا ہے بندا کس پر بھروسہ کریں,o
یہودی قوم والے کبھی ایماندار نہیں ہوتے۔,h
ان کی عبادتیں صرف تشدد پر اکسانے والی ہیں۔,h
دماغی معذوری کے ساتھ جینے کا فن تم نے خوب سیکھا ہے۔,o
دھمکی آمیز فون کال پرقانونی چارہ جوئی فون جدید دور کی بہترین ایجاد ہے مگر کچھ شرپسند لوگ اسکا غلط استعمال کرتے ہیں اور اسکا واحد حل اس سہولت کو قانون کے ضابطہ میں لانا ہے پاکستان میں موجود ٹیلی گراف ایکٹ کی دفعہ ڈی کے تحت موبائل فون پر کسی کو دھمکی دینا سنگین جرم ہے جسکی باقاعدہ طور پر ایف آئی آر درج کی جاتی ہے یہ ایک سنگین جرم ہے اور اسکی سزا کم از کم تین سال قید اور جرمانہ ہے اس جرم کے ملزم کو پولیس بغیر ورانٹ کے بھی گرفتار کرسکتی ہے اور ایسے مقدمات کی سماعت مجسٹریٹ کرتا ہے مزید راہنمائی کے لیے مندرجہ ذیل عدالتی نظائر کا مطالعہ کریں,n
عوام کو بے وقوف بنانے والا بے غیرت یوٹیوبر اس سالے کو ان سبسکرائب کرو یہ فتنے کی جڑ ہے فسادی انسان,h
ڈکی بھائی فائنلی اپ نے بلاگ ڈال دیا میں نے اب سب لوگ کا بہت انتظار کیا اپ بھی بولو اپ کا بھی حق بنتا ہے یہ لوگ نے اپ کے ساتھ جھوٹ بولا,n
کیا چوتیاپا ہے؟؟؟ تم لوگ عوام کو پھدو بنانے پر لگے ہو۔۔۔ اور عوام پھدو بننے پر لگے ہیں۔۔۔,o
اڈو کے مرجا ڈکیا ڈوب کے مر جا تو ہون ایداں نے کمنٹ دینے لگ گیا واں میں تیری ویڈیو نہ ہو پہلے تین چار منٹ کر ریا ہو سکے تو تیمور بھائی دے نال دا کمنٹ کر تیمور بھائی دے نام دا ہو سکے تو ڈکیا تو ساڈے کمنٹ دے کدی ویڈیو,n
شام اور شیطان ایک دونوں کی فطرت ایک مگر شیطان شام سے کچھ درجے نیک,o
میں نے کھبی ڈکی بھائی کو سبسکرائب نہیں کیا لیکن ہم میں سے ہر ایک اگر ڈکی کی جگہ ہوتا تو بہت کچھ کرجاتا کیونکہ گھر والے چاہے جیسے ںھی ہو سب سے زیادہ عزیز ہوتے ہے,n
سعد ڈکّی بھائی میں آج کی اس ویڈیو پر بہت خوش ہوا ہوں کہ ماشاءاللہ آپ نے جو بات کی ایک تو مناسب انداز اور مکمل ثبوت کے ساتھ۔ اللہ تعالیٰ اور عزت عطاء فرمائیں۔ زید علی آپ بھِی ماشاءاللہ ایک نفیص انسان واقع ہوئے ہیں۔ میں آپ زید کے وی لوگز نہیں دیکھتا مگر آپ کی اس مثبت گفتگو پر آپ کی چینل ضرور سسکرائب کروں گا۔ اللہ تعالٰی آپ کو بھی اور عزت سے نوزیں۔,n
قرض واپس کرنے سے مکرنے پر شخص کا دردناک انجام ایسی ویڈیو آپ نے پہلے کبھی نہیں دیکھی ھوگی یہ ویڈیو ضرور دیکھیں اور چینل کو ضرور سبسکرائب کریں,n
سچ کو دباتے کیوں ہو ڈکی کی ہمت کو سلام اگر میں ڈکی کی جگہ ہوتا تو میں سچ تو نہیں ٹیکسی کے بچے تیرا گلہ دبا دینا تھا,o
حرامی کتے زلیل بیغرت اس کے پیج پر کوئی ایسا ویڈیو نہیں ہے اور تم مادر چود اپنی ماں بہن کی چوت لوگوں سے مروا رہے ہو ۔تم پر لنعت خنزیر کے بچے سب پاکستانی عوام کے کو بے وقوف بنایا اور سب کو جنگ پے لگایا مادر چود بہن چود,o
ویسے ڈکی اللّٰہ نے آپ پر رحم کر کے آپکو مرد بنایا ہے ورنہ آپکی کام اور اور کرتوت تو ویسے تیسری مخلوق والے ہیں,o
یہ لوگ معاشرے کے لیے ناسور ہیں۔,h
ان کے رسم و رواج معاشرتی زہر ہیں۔,h
نہیں یار آپ بہت اچھے ہو یار مجھے آپ کے گھر والے سب آچھے لگتے آپ ہمیشہ مسکراتے رہو اللہ پاک آپ کو مذید عزت دے آمین ثم آمین,n
"ہر وقت دوسروں کو نیچا دکھانے والے، خود زمین پر گرے پڑے ہو۔",o
"جی تو شام ادریس کا ڈرامہ تو ایکسپوز ہو گیا۔ اب آپ کی باری۔ شام ادریس نے جو کیا وہ تو ساری دنیا جانتی ہے لیکن شاید یہ معاشرہ اندھا، گونگا اور بہرا ہے۔ آپ دونوں ایک ہی کھیت کی مولی ہیں۔ شام ادریس کے ڈرامے سے آپ کو کبھی فرصت ملے تو اپنے گریبان میں بھی جھانکیے گا۔ جس قدر آپ گالم گلوچ کرتے ہیں ال امان۔ شام ادریس غلط تھا۔ کیا غلط کو ایکسپوز کرنے کا جو رستہ آپ نے اپنایا ہے کبھی غور کریے گا۔ اس کی برائ کو دکھانے کے لیے آپ آپ نے اس سے بھی زیادہ برائ کا راستہ چنا۔ یہ ثابت کرنے کے لیے کہ وہ گرا ہوا ہے آپ اس سے بھی زیادہ گر گئے۔ آپ کی وہ ویڈیو جو آپ نے اس پہ بنائ تھی ایک سال پہلے اس میں زرہ آپ اپنی زبان کی غلاظت چیک کریں۔ وہ لائکس کا بھوکا ہے تو آپ کا اپنے بارے میں کیا خیال ہے؟ آپ نے بھی لائکس اور پیسے کے لیے ایک انسان کی عزت کی دھچیاں اڑا کر رکھ دیں۔ بدلے میں اس نے بھی پورا مقابلہ کیا۔ تو برا صرف وہی کیوں کہلایا جا رہا ہے؟ یہ قوم انتہائ اندھی گونگی اور بہری ہے جن کو کسی کی سچائ دیکھنے کے لیے آپ کی چرب زبانی کا سہارا لینا پڑھ رہا ہے۔ عوام کے اندر کا جانور تو ایسے چٹخارے کا ہمیشہ متلاشی رہتا ہے۔ لیکن آپ اپنے لیے کیا اکٹھا کر رہے ہیں کبھی سوچیے گا۔ آپ دونوں ایک ہی کشتی کے سوار ہیں۔ میں نے اپنا فرض ادا کر دیا۔ ہر انسان اپنے اعمال کا خود دمہ دار ہے۔ جو عوام کو سپورٹ کر رہی ہے۔ وہ یہ مت بھولیں کے ان کے عیب کبھی اس طرح معاشرے میں اچھالے جا سکتے ہیں۔ کیون کہ فرشتہ تو کوئ بھی نہیں نازل ہوا اس دنیا میں۔",o
جیئو نیوز والے سے گزارش ہے کہ اگر زیادہ فالورز چاہتے ہو تو کمینٹ کرنے والوں کے لئے تنخواہ کے بندوبست کر لیں,n
گدھا تم سب کو شرم آنی چاہیے پوری دنیا میں پاکستان کا نام بد نام کر رہے ہو صرف سبسکرائبر بڑھانے کے لئے,h
ھم پاکستانی کو اور پریشانی کم ھے جو آپ کی بکوس سنے بڑی ناسو ولا ڈگی,o
یہودی نسل سے کوئی خیر کی توقع نہیں۔,h
ان کے بچے بھی نفرت سیکھتے ہیں۔,h
نانی والا اور رجب جیسے پھدوں کے ہوتے ہوئے۔ ڈکی جیسے چلاک منافق۔ کبھی بھوکھے نہیں مرتے۔ اس کا امیج پاکستان میں کچھ عرصے سے ایک دلال اور کنجر جیسا بن گیا تھا اس نے اپنا امیج چینج کرنے کے لیے ان دو گدھوں کا۔ استمعال کی۔ طلحہ کی مدد سے,o
"بے غیرت، بے شڑم، جھوٹا مکار انسان بدلہ بردار نے ثبوتوں کے ساتھ لاسٹ ویڈیو میں ثابت بھی کیا تھا جو اس نے اڑوا دی۔",o
ان کی موجودگی فساد کی علامت ہے۔,h
